time,ball_x,ball_y,ball_radius,ball_color_r,ball_color_g,ball_color_b,roi1_x,roi1_y,roi1_radius,roi1_color_r,roi1_color_g,roi1_color_b,roi1_lineColor_r,roi1_lineColor_g,roi1_lineColor_b,roi2_x,roi2_y,roi2_radius,roi2_color_r,roi2_color_g,roi2_color_b,roi2_lineColor_r,roi2_lineColor_g,roi2_lineColor_b
32.02822320070118,0.0,0.0,0.03,1.0,1.0,1.0,0.0,0.3333333333333333,0.15,-1.0,-1.0,-1.0,1.0,1.0,-1.0,0.0,-0.3333333333333333,0.15,-1.0,-1.0,-1.0,-1.0,-1.0,1.0
32.044730599969625,0.0,0.0,0.03,1.0,1.0,1.0,0.0,0.3333333333333333,0.15,-1.0,-1.0,-1.0,1.0,1.0,-1.0,0.0,-0.3333333333333333,0.15,-1.0,-1.0,-1.0,-1.0,-1.0,1.0
32.059603500179946,0.0,0.0,0.03,1.0,1.0,1.0,0.0,0.3333333333333333,0.15,-1.0,-1.0,-1.0,1.0,1.0,-1.0,0.0,-0.3333333333333333,0.15,-1.0,-1.0,-1.0,-1.0,-1.0,1.0
32.07842390052974,0.0,0.0,0.03,1.0,1.0,1.0,0.0,0.3333333333333333,0.15,-1.0,-1.0,-1.0,1.0,1.0,-1.0,0.0,-0.3333333333333333,0.15,-1.0,-1.0,-1.0,-1.0,-1.0,1.0
32.09348569996655,0.0,0.0,0.03,1.0,1.0,1.0,0.0,0.3333333333333333,0.15,-1.0,-1.0,-1.0,1.0,1.0,-1.0,0.0,-0.3333333333333333,0.15,-1.0,-1.0,-1.0,-1.0,-1.0,1.0
32.10999200027436,0.0,0.0,0.03,1.0,1.0,1.0,0.0,0.3333333333333333,0.15,-1.0,-1.0,-1.0,1.0,1.0,-1.0,0.0,-0.3333333333333333,0.15,-1.0,-1.0,-1.0,-1.0,-1.0,1.0
32.13169990014285,0.0,0.0,0.03,1.0,1.0,1.0,0.0,0.3333333333333333,0.15,-1.0,-1.0,-1.0,1.0,1.0,-1.0,0.0,-0.3333333333333333,0.15,-1.0,-1.0,-1.0,-1.0,-1.0,1.0
32.15523920021951,0.0,0.0,0.03,1.0,1.0,1.0,0.0,0.3333333333333333,0.15,-1.0,-1.0,-1.0,1.0,1.0,-1.0,0.0,-0.3333333333333333,0.15,-1.0,-1.0,-1.0,-1.0,-1.0,1.0
32.16780239995569,0.0,0.0,0.03,1.0,1.0,1.0,0.0,0.3333333333333333,0.15,-1.0,-1.0,-1.0,1.0,1.0,-1.0,0.0,-0.3333333333333333,0.15,-1.0,-1.0,-1.0,-1.0,-1.0,1.0
32.199387500062585,0.0,0.0,0.03,1.0,1.0,1.0,0.0,0.3333333333333333,0.15,-1.0,-1.0,-1.0,1.0,1.0,-1.0,0.0,-0.3333333333333333,0.15,-1.0,-1.0,-1.0,-1.0,-1.0,1.0
32.217299500480294,0.0,0.0,0.03,1.0,1.0,1.0,0.0,0.3333333333333333,0.15,-1.0,-1.0,-1.0,1.0,1.0,-1.0,0.0,-0.3333333333333333,0.15,-1.0,-1.0,-1.0,-1.0,-1.0,1.0
32.24210500065237,0.0,0.0,0.03,1.0,1.0,1.0,0.0,0.3333333333333333,0.15,-1.0,-1.0,-1.0,1.0,1.0,-1.0,0.0,-0.3333333333333333,0.15,-1.0,-1.0,-1.0,-1.0,-1.0,1.0
32.27361280005425,0.0,0.0,0.03,1.0,1.0,1.0,0.0,0.3333333333333333,0.15,-1.0,-1.0,-1.0,1.0,1.0,-1.0,0.0,-0.3333333333333333,0.15,-1.0,-1.0,-1.0,-1.0,-1.0,1.0
32.302902000024915,0.0,0.0,0.03,1.0,1.0,1.0,0.0,0.3333333333333333,0.15,-1.0,-1.0,-1.0,1.0,1.0,-1.0,0.0,-0.3333333333333333,0.15,-1.0,-1.0,-1.0,-1.0,-1.0,1.0
32.325605399906635,0.0,0.0,0.03,1.0,1.0,1.0,0.0,0.3333333333333333,0.15,-1.0,-1.0,-1.0,1.0,1.0,-1.0,0.0,-0.3333333333333333,0.15,-1.0,-1.0,-1.0,-1.0,-1.0,1.0
32.34722340013832,0.0,0.0,0.03,1.0,1.0,1.0,0.0,0.3333333333333333,0.15,-1.0,-1.0,-1.0,1.0,1.0,-1.0,0.0,-0.3333333333333333,0.15,-1.0,-1.0,-1.0,-1.0,-1.0,1.0
32.36945160012692,0.0,0.0,0.03,1.0,1.0,1.0,0.0,0.3333333333333333,0.15,-1.0,-1.0,-1.0,1.0,1.0,-1.0,0.0,-0.3333333333333333,0.15,-1.0,-1.0,-1.0,-1.0,-1.0,1.0
32.40062900073826,0.0,0.0,0.03,1.0,1.0,1.0,0.0,0.3333333333333333,0.15,-1.0,-1.0,-1.0,1.0,1.0,-1.0,0.0,-0.3333333333333333,0.15,-1.0,-1.0,-1.0,-1.0,-1.0,1.0
32.43018800020218,0.0,0.0,0.03,1.0,1.0,1.0,0.0,0.3333333333333333,0.15,-1.0,-1.0,-1.0,1.0,1.0,-1.0,0.0,-0.3333333333333333,0.15,-1.0,-1.0,-1.0,-1.0,-1.0,1.0
32.452082300558686,0.0,0.0,0.03,1.0,1.0,1.0,0.0,0.3333333333333333,0.15,-1.0,-1.0,-1.0,1.0,1.0,-1.0,0.0,-0.3333333333333333,0.15,-1.0,-1.0,-1.0,-1.0,-1.0,1.0
32.483168800361454,0.0,0.0,0.03,1.0,1.0,1.0,0.0,0.3333333333333333,0.15,-1.0,-1.0,-1.0,1.0,1.0,-1.0,0.0,-0.3333333333333333,0.15,-1.0,-1.0,-1.0,-1.0,-1.0,1.0
32.4974380005151,0.0,0.0,0.03,1.0,1.0,1.0,0.0,0.3333333333333333,0.15,-1.0,-1.0,-1.0,1.0,1.0,-1.0,0.0,-0.3333333333333333,0.15,-1.0,-1.0,-1.0,-1.0,-1.0,1.0
32.51407930068672,0.0,0.0,0.03,1.0,1.0,1.0,0.0,0.3333333333333333,0.15,-1.0,-1.0,-1.0,1.0,1.0,-1.0,0.0,-0.3333333333333333,0.15,-1.0,-1.0,-1.0,-1.0,-1.0,1.0
32.54609150066972,0.0,0.0,0.03,1.0,1.0,1.0,0.0,0.3333333333333333,0.15,-1.0,-1.0,-1.0,1.0,1.0,-1.0,0.0,-0.3333333333333333,0.15,-1.0,-1.0,-1.0,-1.0,-1.0,1.0
32.56244030036032,0.0,0.0,0.03,1.0,1.0,1.0,0.0,0.3333333333333333,0.15,-1.0,-1.0,-1.0,1.0,1.0,-1.0,0.0,-0.3333333333333333,0.15,-1.0,-1.0,-1.0,-1.0,-1.0,1.0
32.58721010014415,0.0,0.0,0.03,1.0,1.0,1.0,0.0,0.3333333333333333,0.15,-1.0,-1.0,-1.0,1.0,1.0,-1.0,0.0,-0.3333333333333333,0.15,-1.0,-1.0,-1.0,-1.0,-1.0,1.0
32.60798460058868,0.0,0.0,0.03,1.0,1.0,1.0,0.0,0.3333333333333333,0.15,-1.0,-1.0,-1.0,1.0,1.0,-1.0,0.0,-0.3333333333333333,0.15,-1.0,-1.0,-1.0,-1.0,-1.0,1.0
32.628356200642884,0.0,0.0,0.03,1.0,1.0,1.0,0.0,0.3333333333333333,0.15,-1.0,-1.0,-1.0,1.0,1.0,-1.0,0.0,-0.3333333333333333,0.15,-1.0,-1.0,-1.0,-1.0,-1.0,1.0
32.64417800027877,0.0,0.0,0.03,1.0,1.0,1.0,0.0,0.3333333333333333,0.15,-1.0,-1.0,-1.0,1.0,1.0,-1.0,0.0,-0.3333333333333333,0.15,-1.0,-1.0,-1.0,-1.0,-1.0,1.0
32.66517100017518,0.0,0.0,0.03,1.0,1.0,1.0,0.0,0.3333333333333333,0.15,-1.0,-1.0,-1.0,1.0,1.0,-1.0,0.0,-0.3333333333333333,0.15,-1.0,-1.0,-1.0,-1.0,-1.0,1.0
32.68456710036844,0.0,0.0,0.03,1.0,1.0,1.0,0.0,0.3333333333333333,0.15,-1.0,-1.0,-1.0,1.0,1.0,-1.0,0.0,-0.3333333333333333,0.15,-1.0,-1.0,-1.0,-1.0,-1.0,1.0
32.7037233998999,0.0,0.0,0.03,1.0,1.0,1.0,0.0,0.3333333333333333,0.15,-1.0,-1.0,-1.0,1.0,1.0,-1.0,0.0,-0.3333333333333333,0.15,-1.0,-1.0,-1.0,-1.0,-1.0,1.0
32.73334170039743,0.0,0.0,0.03,1.0,1.0,1.0,0.0,0.3333333333333333,0.15,-1.0,-1.0,-1.0,1.0,1.0,-1.0,0.0,-0.3333333333333333,0.15,-1.0,-1.0,-1.0,-1.0,-1.0,1.0
32.76305619999766,0.0,0.0,0.03,1.0,1.0,1.0,0.0,0.3333333333333333,0.15,-1.0,-1.0,-1.0,1.0,1.0,-1.0,0.0,-0.3333333333333333,0.15,-1.0,-1.0,-1.0,-1.0,-1.0,1.0
32.79400090035051,0.0,0.0,0.03,1.0,1.0,1.0,0.0,0.3333333333333333,0.15,-1.0,-1.0,-1.0,1.0,1.0,-1.0,0.0,-0.3333333333333333,0.15,-1.0,-1.0,-1.0,-1.0,-1.0,1.0
32.81143830064684,0.0,0.0,0.03,1.0,1.0,1.0,0.0,0.3333333333333333,0.15,-1.0,-1.0,-1.0,1.0,1.0,-1.0,0.0,-0.3333333333333333,0.15,-1.0,-1.0,-1.0,-1.0,-1.0,1.0
32.82972929999232,0.0,0.0,0.03,1.0,1.0,1.0,0.0,0.3333333333333333,0.15,-1.0,-1.0,-1.0,1.0,1.0,-1.0,0.0,-0.3333333333333333,0.15,-1.0,-1.0,-1.0,-1.0,-1.0,1.0
32.861185600049794,0.0,0.0,0.03,1.0,1.0,1.0,0.0,0.3333333333333333,0.15,-1.0,-1.0,-1.0,1.0,1.0,-1.0,0.0,-0.3333333333333333,0.15,-1.0,-1.0,-1.0,-1.0,-1.0,1.0
32.884446600452065,0.0,0.0,0.03,1.0,1.0,1.0,0.0,0.3333333333333333,0.15,-1.0,-1.0,-1.0,1.0,1.0,-1.0,0.0,-0.3333333333333333,0.15,-1.0,-1.0,-1.0,-1.0,-1.0,1.0
32.89705640077591,0.0,0.0,0.03,1.0,1.0,1.0,0.0,0.3333333333333333,0.15,-1.0,-1.0,-1.0,1.0,1.0,-1.0,0.0,-0.3333333333333333,0.15,-1.0,-1.0,-1.0,-1.0,-1.0,1.0
32.91528670024127,0.0,0.0,0.03,1.0,1.0,1.0,0.0,0.3333333333333333,0.15,-1.0,-1.0,-1.0,1.0,1.0,-1.0,0.0,-0.3333333333333333,0.15,-1.0,-1.0,-1.0,-1.0,-1.0,1.0
32.93619380053133,0.0,0.0,0.03,1.0,1.0,1.0,0.0,0.3333333333333333,0.15,-1.0,-1.0,-1.0,1.0,1.0,-1.0,0.0,-0.3333333333333333,0.15,-1.0,-1.0,-1.0,-1.0,-1.0,1.0
32.957266700454056,0.0,0.0,0.03,1.0,1.0,1.0,0.0,0.3333333333333333,0.15,-1.0,-1.0,-1.0,1.0,1.0,-1.0,0.0,-0.3333333333333333,0.15,-1.0,-1.0,-1.0,-1.0,-1.0,1.0
32.978742900304496,0.0,0.0,0.03,1.0,1.0,1.0,0.0,0.3333333333333333,0.15,-1.0,-1.0,-1.0,1.0,1.0,-1.0,0.0,-0.3333333333333333,0.15,-1.0,-1.0,-1.0,-1.0,-1.0,1.0
33.00914099998772,0.0,0.0,0.03,1.0,1.0,1.0,0.0,0.3333333333333333,0.15,-1.0,-1.0,-1.0,1.0,1.0,-1.0,0.0,-0.3333333333333333,0.15,-1.0,-1.0,-1.0,-1.0,-1.0,1.0
33.030141500756145,0.0,0.0,0.03,1.0,1.0,1.0,0.0,0.3333333333333333,0.15,-1.0,-1.0,-1.0,1.0,1.0,-1.0,0.0,-0.3333333333333333,0.15,-1.0,-1.0,-1.0,-1.0,-1.0,1.0
33.06113320030272,0.0,0.0,0.03,1.0,1.0,1.0,0.0,0.3333333333333333,0.15,-1.0,-1.0,-1.0,1.0,1.0,-1.0,0.0,-0.3333333333333333,0.15,-1.0,-1.0,-1.0,-1.0,-1.0,1.0
33.07703510019928,0.0,0.0,0.03,1.0,1.0,1.0,0.0,0.3333333333333333,0.15,-1.0,-1.0,-1.0,1.0,1.0,-1.0,0.0,-0.3333333333333333,0.15,-1.0,-1.0,-1.0,-1.0,-1.0,1.0
33.100752300582826,0.0,0.0,0.03,1.0,1.0,1.0,0.0,0.3333333333333333,0.15,-1.0,-1.0,-1.0,1.0,1.0,-1.0,0.0,-0.3333333333333333,0.15,-1.0,-1.0,-1.0,-1.0,-1.0,1.0
33.131615900434554,0.0,0.0,0.03,1.0,1.0,1.0,0.0,0.3333333333333333,0.15,-1.0,-1.0,-1.0,1.0,1.0,-1.0,0.0,-0.3333333333333333,0.15,-1.0,-1.0,-1.0,-1.0,-1.0,1.0
33.15605590026826,0.0,0.0,0.03,1.0,1.0,1.0,0.0,0.3333333333333333,0.15,-1.0,-1.0,-1.0,1.0,1.0,-1.0,0.0,-0.3333333333333333,0.15,-1.0,-1.0,-1.0,-1.0,-1.0,1.0
33.174409500323236,0.0,0.0,0.03,1.0,1.0,1.0,0.0,0.3333333333333333,0.15,-1.0,-1.0,-1.0,1.0,1.0,-1.0,0.0,-0.3333333333333333,0.15,-1.0,-1.0,-1.0,-1.0,-1.0,1.0
33.1946251001209,0.0,0.0,0.03,1.0,1.0,1.0,0.0,0.3333333333333333,0.15,-1.0,-1.0,-1.0,1.0,1.0,-1.0,0.0,-0.3333333333333333,0.15,-1.0,-1.0,-1.0,-1.0,-1.0,1.0
33.2113474002108,0.0,0.0,0.03,1.0,1.0,1.0,0.0,0.3333333333333333,0.15,-1.0,-1.0,-1.0,1.0,1.0,-1.0,0.0,-0.3333333333333333,0.15,-1.0,-1.0,-1.0,-1.0,-1.0,1.0
33.22555720061064,0.0,0.0,0.03,1.0,1.0,1.0,0.0,0.3333333333333333,0.15,-1.0,-1.0,-1.0,1.0,1.0,-1.0,0.0,-0.3333333333333333,0.15,-1.0,-1.0,-1.0,-1.0,-1.0,1.0
33.25732760038227,0.0,0.0,0.03,1.0,1.0,1.0,0.0,0.3333333333333333,0.15,-1.0,-1.0,-1.0,1.0,1.0,-1.0,0.0,-0.3333333333333333,0.15,-1.0,-1.0,-1.0,-1.0,-1.0,1.0
33.28064650017768,0.0,0.0,0.03,1.0,1.0,1.0,0.0,0.3333333333333333,0.15,-1.0,-1.0,-1.0,1.0,1.0,-1.0,0.0,-0.3333333333333333,0.15,-1.0,-1.0,-1.0,-1.0,-1.0,1.0
33.310626400634646,0.0,0.0,0.03,1.0,1.0,1.0,0.0,0.3333333333333333,0.15,-1.0,-1.0,-1.0,1.0,1.0,-1.0,0.0,-0.3333333333333333,0.15,-1.0,-1.0,-1.0,-1.0,-1.0,1.0
33.331420100294054,0.0,0.0,0.03,1.0,1.0,1.0,0.0,0.3333333333333333,0.15,-1.0,-1.0,-1.0,1.0,1.0,-1.0,0.0,-0.3333333333333333,0.15,-1.0,-1.0,-1.0,-1.0,-1.0,1.0
33.350607700645924,0.0,0.0,0.03,1.0,1.0,1.0,0.0,0.3333333333333333,0.15,-1.0,-1.0,-1.0,1.0,1.0,-1.0,0.0,-0.3333333333333333,0.15,-1.0,-1.0,-1.0,-1.0,-1.0,1.0
33.381757699884474,0.0,0.0,0.03,1.0,1.0,1.0,0.0,0.3333333333333333,0.15,-1.0,-1.0,-1.0,1.0,1.0,-1.0,0.0,-0.3333333333333333,0.15,-1.0,-1.0,-1.0,-1.0,-1.0,1.0
33.41281090024859,0.0,0.0,0.03,1.0,1.0,1.0,0.0,0.3333333333333333,0.15,-1.0,-1.0,-1.0,1.0,1.0,-1.0,0.0,-0.3333333333333333,0.15,-1.0,-1.0,-1.0,-1.0,-1.0,1.0
33.42770340014249,0.0,0.0,0.03,1.0,1.0,1.0,0.0,0.3333333333333333,0.15,-1.0,-1.0,-1.0,1.0,1.0,-1.0,0.0,-0.3333333333333333,0.15,-1.0,-1.0,-1.0,-1.0,-1.0,1.0
33.446633300744,0.0,0.0,0.03,1.0,1.0,1.0,0.0,0.3333333333333333,0.15,-1.0,-1.0,-1.0,1.0,1.0,-1.0,0.0,-0.3333333333333333,0.15,-1.0,-1.0,-1.0,-1.0,-1.0,1.0
33.46700379997492,0.0,0.0,0.03,1.0,1.0,1.0,0.0,0.3333333333333333,0.15,-1.0,-1.0,-1.0,1.0,1.0,-1.0,0.0,-0.3333333333333333,0.15,-1.0,-1.0,-1.0,-1.0,-1.0,1.0
33.50034820009023,0.0,0.0,0.03,1.0,1.0,1.0,0.0,0.3333333333333333,0.15,-1.0,-1.0,-1.0,1.0,1.0,-1.0,0.0,-0.3333333333333333,0.15,-1.0,-1.0,-1.0,-1.0,-1.0,1.0
33.5216214004904,0.0,0.0,0.03,1.0,1.0,1.0,0.0,0.3333333333333333,0.15,-1.0,-1.0,-1.0,1.0,1.0,-1.0,0.0,-0.3333333333333333,0.15,-1.0,-1.0,-1.0,-1.0,-1.0,1.0
33.55314180068672,0.0,0.0,0.03,1.0,1.0,1.0,0.0,0.3333333333333333,0.15,-1.0,-1.0,-1.0,1.0,1.0,-1.0,0.0,-0.3333333333333333,0.15,-1.0,-1.0,-1.0,-1.0,-1.0,1.0
33.58253089990467,0.0,0.0,0.03,1.0,1.0,1.0,0.0,0.3333333333333333,0.15,-1.0,-1.0,-1.0,1.0,1.0,-1.0,0.0,-0.3333333333333333,0.15,-1.0,-1.0,-1.0,-1.0,-1.0,1.0
33.60216169990599,0.0,0.0,0.03,1.0,1.0,1.0,0.0,0.3333333333333333,0.15,-1.0,-1.0,-1.0,1.0,1.0,-1.0,0.0,-0.3333333333333333,0.15,-1.0,-1.0,-1.0,-1.0,-1.0,1.0
33.62305300030857,0.0,0.0,0.03,1.0,1.0,1.0,0.0,0.3333333333333333,0.15,-1.0,-1.0,-1.0,1.0,1.0,-1.0,0.0,-0.3333333333333333,0.15,-1.0,-1.0,-1.0,-1.0,-1.0,1.0
33.64635290019214,0.0,0.0,0.03,1.0,1.0,1.0,0.0,0.3333333333333333,0.15,-1.0,-1.0,-1.0,1.0,1.0,-1.0,0.0,-0.3333333333333333,0.15,-1.0,-1.0,-1.0,-1.0,-1.0,1.0
33.664275700226426,0.0,0.0,0.03,1.0,1.0,1.0,0.0,0.3333333333333333,0.15,-1.0,-1.0,-1.0,1.0,1.0,-1.0,0.0,-0.3333333333333333,0.15,-1.0,-1.0,-1.0,-1.0,-1.0,1.0
33.677569100633264,0.0,0.0,0.03,1.0,1.0,1.0,0.0,0.3333333333333333,0.15,-1.0,-1.0,-1.0,1.0,1.0,-1.0,0.0,-0.3333333333333333,0.15,-1.0,-1.0,-1.0,-1.0,-1.0,1.0
33.70431900024414,0.0,0.0,0.03,1.0,1.0,1.0,0.0,0.3333333333333333,0.15,-1.0,-1.0,-1.0,1.0,1.0,-1.0,0.0,-0.3333333333333333,0.15,-1.0,-1.0,-1.0,-1.0,-1.0,1.0
33.725830600596964,0.0,0.0,0.03,1.0,1.0,1.0,0.0,0.3333333333333333,0.15,-1.0,-1.0,-1.0,1.0,1.0,-1.0,0.0,-0.3333333333333333,0.15,-1.0,-1.0,-1.0,-1.0,-1.0,1.0
33.74428510013968,0.0,0.0,0.03,1.0,1.0,1.0,0.0,0.3333333333333333,0.15,-1.0,-1.0,-1.0,1.0,1.0,-1.0,0.0,-0.3333333333333333,0.15,-1.0,-1.0,-1.0,-1.0,-1.0,1.0
33.75993810035288,0.0,0.0,0.03,1.0,1.0,1.0,0.0,0.3333333333333333,0.15,-1.0,-1.0,-1.0,1.0,1.0,-1.0,0.0,-0.3333333333333333,0.15,-1.0,-1.0,-1.0,-1.0,-1.0,1.0
33.777845500037074,0.0,0.0,0.03,1.0,1.0,1.0,0.0,0.3333333333333333,0.15,-1.0,-1.0,-1.0,1.0,1.0,-1.0,0.0,-0.3333333333333333,0.15,-1.0,-1.0,-1.0,-1.0,-1.0,1.0
33.79339780006558,0.0,0.0,0.03,1.0,1.0,1.0,0.0,0.3333333333333333,0.15,-1.0,-1.0,-1.0,1.0,1.0,-1.0,0.0,-0.3333333333333333,0.15,-1.0,-1.0,-1.0,-1.0,-1.0,1.0
33.81881760060787,0.0,0.0,0.03,1.0,1.0,1.0,0.0,0.3333333333333333,0.15,-1.0,-1.0,-1.0,1.0,1.0,-1.0,0.0,-0.3333333333333333,0.15,-1.0,-1.0,-1.0,-1.0,-1.0,1.0
33.8491187999025,0.0,0.0,0.03,1.0,1.0,1.0,0.0,0.3333333333333333,0.15,-1.0,-1.0,-1.0,1.0,1.0,-1.0,0.0,-0.3333333333333333,0.15,-1.0,-1.0,-1.0,-1.0,-1.0,1.0
33.861750800162554,0.0,0.0,0.03,1.0,1.0,1.0,0.0,0.3333333333333333,0.15,-1.0,-1.0,-1.0,1.0,1.0,-1.0,0.0,-0.3333333333333333,0.15,-1.0,-1.0,-1.0,-1.0,-1.0,1.0
33.87569890078157,0.0,0.0,0.03,1.0,1.0,1.0,0.0,0.3333333333333333,0.15,-1.0,-1.0,-1.0,1.0,1.0,-1.0,0.0,-0.3333333333333333,0.15,-1.0,-1.0,-1.0,-1.0,-1.0,1.0
33.89417690038681,0.0,0.0,0.03,1.0,1.0,1.0,0.0,0.3333333333333333,0.15,-1.0,-1.0,-1.0,1.0,1.0,-1.0,0.0,-0.3333333333333333,0.15,-1.0,-1.0,-1.0,-1.0,-1.0,1.0
33.92202869988978,0.0,0.0,0.03,1.0,1.0,1.0,0.0,0.3333333333333333,0.15,-1.0,-1.0,-1.0,1.0,1.0,-1.0,0.0,-0.3333333333333333,0.15,-1.0,-1.0,-1.0,-1.0,-1.0,1.0
33.940232400782406,0.0,0.0,0.03,1.0,1.0,1.0,0.0,0.3333333333333333,0.15,-1.0,-1.0,-1.0,1.0,1.0,-1.0,0.0,-0.3333333333333333,0.15,-1.0,-1.0,-1.0,-1.0,-1.0,1.0
33.97103099990636,0.0,0.0,0.03,1.0,1.0,1.0,0.0,0.3333333333333333,0.15,-1.0,-1.0,-1.0,1.0,1.0,-1.0,0.0,-0.3333333333333333,0.15,-1.0,-1.0,-1.0,-1.0,-1.0,1.0
34.00281840004027,0.0,0.0,0.03,1.0,1.0,1.0,0.0,0.3333333333333333,0.15,-1.0,-1.0,-1.0,1.0,1.0,-1.0,0.0,-0.3333333333333333,0.15,-1.0,-1.0,-1.0,-1.0,-1.0,1.0
34.01501680072397,0.0,0.0,0.03,1.0,1.0,1.0,0.0,0.3333333333333333,0.15,-1.0,-1.0,-1.0,1.0,1.0,-1.0,0.0,-0.3333333333333333,0.15,-1.0,-1.0,-1.0,-1.0,-1.0,1.0
34.04601179994643,0.0,0.0,0.03,1.0,1.0,1.0,0.0,0.3333333333333333,0.15,-1.0,-1.0,-1.0,1.0,1.0,-1.0,0.0,-0.3333333333333333,0.15,-1.0,-1.0,-1.0,-1.0,-1.0,1.0
34.06079629994929,0.0,0.0,0.03,1.0,1.0,1.0,0.0,0.3333333333333333,0.15,-1.0,-1.0,-1.0,1.0,1.0,-1.0,0.0,-0.3333333333333333,0.15,-1.0,-1.0,-1.0,-1.0,-1.0,1.0
34.07821120042354,0.0,0.0,0.03,1.0,1.0,1.0,0.0,0.3333333333333333,0.15,-1.0,-1.0,-1.0,1.0,1.0,-1.0,0.0,-0.3333333333333333,0.15,-1.0,-1.0,-1.0,-1.0,-1.0,1.0
34.108232100494206,0.0,0.0,0.03,1.0,1.0,1.0,0.0,0.3333333333333333,0.15,-1.0,-1.0,-1.0,1.0,1.0,-1.0,0.0,-0.3333333333333333,0.15,-1.0,-1.0,-1.0,-1.0,-1.0,1.0
34.14158720057458,0.0,0.0,0.03,1.0,1.0,1.0,0.0,0.3333333333333333,0.15,-1.0,-1.0,-1.0,1.0,1.0,-1.0,0.0,-0.3333333333333333,0.15,-1.0,-1.0,-1.0,-1.0,-1.0,1.0
34.174904100596905,0.0,0.0,0.03,1.0,1.0,1.0,0.0,0.3333333333333333,0.15,-1.0,-1.0,-1.0,1.0,1.0,-1.0,0.0,-0.3333333333333333,0.15,-1.0,-1.0,-1.0,-1.0,-1.0,1.0
34.196077399887145,0.0,0.0,0.03,1.0,1.0,1.0,0.0,0.3333333333333333,0.15,-1.0,-1.0,-1.0,1.0,1.0,-1.0,0.0,-0.3333333333333333,0.15,-1.0,-1.0,-1.0,-1.0,-1.0,1.0
34.216559800319374,0.0,0.0,0.03,1.0,1.0,1.0,0.0,0.3333333333333333,0.15,-1.0,-1.0,-1.0,1.0,1.0,-1.0,0.0,-0.3333333333333333,0.15,-1.0,-1.0,-1.0,-1.0,-1.0,1.0
34.24831540044397,0.0,0.0,0.03,1.0,1.0,1.0,0.0,0.3333333333333333,0.15,-1.0,-1.0,-1.0,1.0,1.0,-1.0,0.0,-0.3333333333333333,0.15,-1.0,-1.0,-1.0,-1.0,-1.0,1.0
34.262507900595665,0.0,0.0,0.03,1.0,1.0,1.0,0.0,0.3333333333333333,0.15,-1.0,-1.0,-1.0,1.0,1.0,-1.0,0.0,-0.3333333333333333,0.15,-1.0,-1.0,-1.0,-1.0,-1.0,1.0
34.28343350067735,0.0,0.0,0.03,1.0,1.0,1.0,0.0,0.3333333333333333,0.15,-1.0,-1.0,-1.0,1.0,1.0,-1.0,0.0,-0.3333333333333333,0.15,-1.0,-1.0,-1.0,-1.0,-1.0,1.0
34.30295320041478,0.0,0.0,0.03,1.0,1.0,1.0,0.0,0.3333333333333333,0.15,-1.0,-1.0,-1.0,1.0,1.0,-1.0,0.0,-0.3333333333333333,0.15,-1.0,-1.0,-1.0,-1.0,-1.0,1.0
34.32352580036968,0.0,0.0,0.03,1.0,1.0,1.0,0.0,0.3333333333333333,0.15,-1.0,-1.0,-1.0,1.0,1.0,-1.0,0.0,-0.3333333333333333,0.15,-1.0,-1.0,-1.0,-1.0,-1.0,1.0
34.34682540036738,0.0,0.0,0.03,1.0,1.0,1.0,0.0,0.3333333333333333,0.15,-1.0,-1.0,-1.0,1.0,1.0,-1.0,0.0,-0.3333333333333333,0.15,-1.0,-1.0,-1.0,-1.0,-1.0,1.0
34.360819400288165,0.0,0.0,0.03,1.0,1.0,1.0,0.0,0.3333333333333333,0.15,-1.0,-1.0,-1.0,1.0,1.0,-1.0,0.0,-0.3333333333333333,0.15,-1.0,-1.0,-1.0,-1.0,-1.0,1.0
34.37856760062277,0.0,0.0,0.03,1.0,1.0,1.0,0.0,0.3333333333333333,0.15,-1.0,-1.0,-1.0,1.0,1.0,-1.0,0.0,-0.3333333333333333,0.15,-1.0,-1.0,-1.0,-1.0,-1.0,1.0
34.401814999990165,0.0,0.0,0.03,1.0,1.0,1.0,0.0,0.3333333333333333,0.15,-1.0,-1.0,-1.0,1.0,1.0,-1.0,0.0,-0.3333333333333333,0.15,-1.0,-1.0,-1.0,-1.0,-1.0,1.0
34.41870220005512,0.0,0.0,0.03,1.0,1.0,1.0,0.0,0.3333333333333333,0.15,-1.0,-1.0,-1.0,1.0,1.0,-1.0,0.0,-0.3333333333333333,0.15,-1.0,-1.0,-1.0,-1.0,-1.0,1.0
34.441470600664616,0.0,0.0,0.03,1.0,1.0,1.0,0.0,0.3333333333333333,0.15,-1.0,-1.0,-1.0,1.0,1.0,-1.0,0.0,-0.3333333333333333,0.15,-1.0,-1.0,-1.0,-1.0,-1.0,1.0
34.460893800482154,0.0,0.0,0.03,1.0,1.0,1.0,0.0,0.3333333333333333,0.15,-1.0,-1.0,-1.0,1.0,1.0,-1.0,0.0,-0.3333333333333333,0.15,-1.0,-1.0,-1.0,-1.0,-1.0,1.0
34.48336880002171,0.0,0.0,0.03,1.0,1.0,1.0,0.0,0.3333333333333333,0.15,-1.0,-1.0,-1.0,1.0,1.0,-1.0,0.0,-0.3333333333333333,0.15,-1.0,-1.0,-1.0,-1.0,-1.0,1.0
34.51318190060556,0.0,0.0,0.03,1.0,1.0,1.0,0.0,0.3333333333333333,0.15,-1.0,-1.0,-1.0,1.0,1.0,-1.0,0.0,-0.3333333333333333,0.15,-1.0,-1.0,-1.0,-1.0,-1.0,1.0
34.543608200736344,0.0,0.0,0.03,1.0,1.0,1.0,0.0,0.3333333333333333,0.15,-1.0,-1.0,-1.0,1.0,1.0,-1.0,0.0,-0.3333333333333333,0.15,-1.0,-1.0,-1.0,-1.0,-1.0,1.0
34.565427500754595,0.0,0.0,0.03,1.0,1.0,1.0,0.0,0.3333333333333333,0.15,-1.0,-1.0,-1.0,1.0,1.0,-1.0,0.0,-0.3333333333333333,0.15,-1.0,-1.0,-1.0,-1.0,-1.0,1.0
34.58688420057297,0.0,0.0,0.03,1.0,1.0,1.0,0.0,0.3333333333333333,0.15,-1.0,-1.0,-1.0,1.0,1.0,-1.0,0.0,-0.3333333333333333,0.15,-1.0,-1.0,-1.0,-1.0,-1.0,1.0
34.61707830056548,0.0,0.0,0.03,1.0,1.0,1.0,0.0,0.3333333333333333,0.15,-1.0,-1.0,-1.0,1.0,1.0,-1.0,0.0,-0.3333333333333333,0.15,-1.0,-1.0,-1.0,-1.0,-1.0,1.0
34.638597500510514,0.0,0.0,0.03,1.0,1.0,1.0,0.0,0.3333333333333333,0.15,-1.0,-1.0,-1.0,1.0,1.0,-1.0,0.0,-0.3333333333333333,0.15,-1.0,-1.0,-1.0,-1.0,-1.0,1.0
34.65991960000247,0.0,0.0,0.03,1.0,1.0,1.0,0.0,0.3333333333333333,0.15,-1.0,-1.0,-1.0,1.0,1.0,-1.0,0.0,-0.3333333333333333,0.15,-1.0,-1.0,-1.0,-1.0,-1.0,1.0
34.68935810029507,0.0,0.0,0.03,1.0,1.0,1.0,0.0,0.3333333333333333,0.15,-1.0,-1.0,-1.0,1.0,1.0,-1.0,0.0,-0.3333333333333333,0.15,-1.0,-1.0,-1.0,-1.0,-1.0,1.0
34.712645900435746,0.0,0.0,0.03,1.0,1.0,1.0,0.0,0.3333333333333333,0.15,-1.0,-1.0,-1.0,1.0,1.0,-1.0,0.0,-0.3333333333333333,0.15,-1.0,-1.0,-1.0,-1.0,-1.0,1.0
34.72623810078949,0.0,0.0,0.03,1.0,1.0,1.0,0.0,0.3333333333333333,0.15,-1.0,-1.0,-1.0,1.0,1.0,-1.0,0.0,-0.3333333333333333,0.15,-1.0,-1.0,-1.0,-1.0,-1.0,1.0
34.7420659000054,0.0,0.0,0.03,1.0,1.0,1.0,0.0,0.3333333333333333,0.15,-1.0,-1.0,-1.0,1.0,1.0,-1.0,0.0,-0.3333333333333333,0.15,-1.0,-1.0,-1.0,-1.0,-1.0,1.0
34.762297100387514,0.0,0.0,0.03,1.0,1.0,1.0,0.0,0.3333333333333333,0.15,-1.0,-1.0,-1.0,1.0,1.0,-1.0,0.0,-0.3333333333333333,0.15,-1.0,-1.0,-1.0,-1.0,-1.0,1.0
34.78102460037917,0.0,0.0,0.03,1.0,1.0,1.0,0.0,0.3333333333333333,0.15,-1.0,-1.0,-1.0,1.0,1.0,-1.0,0.0,-0.3333333333333333,0.15,-1.0,-1.0,-1.0,-1.0,-1.0,1.0
34.802753400057554,0.0,0.0,0.03,1.0,1.0,1.0,0.0,0.3333333333333333,0.15,-1.0,-1.0,-1.0,1.0,1.0,-1.0,0.0,-0.3333333333333333,0.15,-1.0,-1.0,-1.0,-1.0,-1.0,1.0
34.83273520041257,0.0,0.0,0.03,1.0,1.0,1.0,0.0,0.3333333333333333,0.15,-1.0,-1.0,-1.0,1.0,1.0,-1.0,0.0,-0.3333333333333333,0.15,-1.0,-1.0,-1.0,-1.0,-1.0,1.0
34.8622353002429,0.0,0.0,0.03,1.0,1.0,1.0,0.0,0.3333333333333333,0.15,-1.0,-1.0,-1.0,1.0,1.0,-1.0,0.0,-0.3333333333333333,0.15,-1.0,-1.0,-1.0,-1.0,-1.0,1.0
34.89407670032233,0.0,0.0,0.03,1.0,1.0,1.0,0.0,0.3333333333333333,0.15,-1.0,-1.0,-1.0,1.0,1.0,-1.0,0.0,-0.3333333333333333,0.15,-1.0,-1.0,-1.0,-1.0,-1.0,1.0
34.915891100652516,0.0,0.0,0.03,1.0,1.0,1.0,0.0,0.3333333333333333,0.15,-1.0,-1.0,-1.0,1.0,1.0,-1.0,0.0,-0.3333333333333333,0.15,-1.0,-1.0,-1.0,-1.0,-1.0,1.0
34.94657330028713,0.0,0.0,0.03,1.0,1.0,1.0,0.0,0.3333333333333333,0.15,-1.0,-1.0,-1.0,1.0,1.0,-1.0,0.0,-0.3333333333333333,0.15,-1.0,-1.0,-1.0,-1.0,-1.0,1.0
34.966839000582695,0.0,0.0,0.03,1.0,1.0,1.0,0.0,0.3333333333333333,0.15,-1.0,-1.0,-1.0,1.0,1.0,-1.0,0.0,-0.3333333333333333,0.15,-1.0,-1.0,-1.0,-1.0,-1.0,1.0
34.998052700422704,0.0,0.0,0.03,1.0,1.0,1.0,0.0,0.3333333333333333,0.15,-1.0,-1.0,-1.0,1.0,1.0,-1.0,0.0,-0.3333333333333333,0.15,-1.0,-1.0,-1.0,-1.0,-1.0,1.0
35.028981500305235,0.0,0.0,0.03,1.0,1.0,1.0,0.0,0.3333333333333333,0.15,-1.0,-1.0,-1.0,1.0,1.0,-1.0,0.0,-0.3333333333333333,0.15,-1.0,-1.0,-1.0,-1.0,-1.0,1.0
35.04431200027466,0.0,0.0,0.03,1.0,1.0,1.0,0.0,0.3333333333333333,0.15,-1.0,-1.0,-1.0,1.0,1.0,-1.0,0.0,-0.3333333333333333,0.15,-1.0,-1.0,-1.0,-1.0,-1.0,1.0
35.06730720028281,0.0,0.0,0.03,1.0,1.0,1.0,0.0,0.3333333333333333,0.15,-1.0,-1.0,-1.0,1.0,1.0,-1.0,0.0,-0.3333333333333333,0.15,-1.0,-1.0,-1.0,-1.0,-1.0,1.0
35.10014030057937,0.0,0.0,0.03,1.0,1.0,1.0,0.0,0.3333333333333333,0.15,-1.0,-1.0,-1.0,1.0,1.0,-1.0,0.0,-0.3333333333333333,0.15,-1.0,-1.0,-1.0,-1.0,-1.0,1.0
35.114375500008464,0.0,0.0,0.03,1.0,1.0,1.0,0.0,0.3333333333333333,0.15,-1.0,-1.0,-1.0,1.0,1.0,-1.0,0.0,-0.3333333333333333,0.15,-1.0,-1.0,-1.0,-1.0,-1.0,1.0
35.13296520058066,0.0,0.0,0.03,1.0,1.0,1.0,0.0,0.3333333333333333,0.15,-1.0,-1.0,-1.0,1.0,1.0,-1.0,0.0,-0.3333333333333333,0.15,-1.0,-1.0,-1.0,-1.0,-1.0,1.0
35.15278570074588,0.0,0.0,0.03,1.0,1.0,1.0,0.0,0.3333333333333333,0.15,-1.0,-1.0,-1.0,1.0,1.0,-1.0,0.0,-0.3333333333333333,0.15,-1.0,-1.0,-1.0,-1.0,-1.0,1.0
35.16504279989749,0.0,0.0,0.03,1.0,1.0,1.0,0.0,0.3333333333333333,0.15,-1.0,-1.0,-1.0,1.0,1.0,-1.0,0.0,-0.3333333333333333,0.15,-1.0,-1.0,-1.0,-1.0,-1.0,1.0
35.19315450079739,0.0,0.0,0.03,1.0,1.0,1.0,0.0,0.3333333333333333,0.15,-1.0,-1.0,-1.0,1.0,1.0,-1.0,0.0,-0.3333333333333333,0.15,-1.0,-1.0,-1.0,-1.0,-1.0,1.0
35.2084892001003,0.0,0.0,0.03,1.0,1.0,1.0,0.0,0.3333333333333333,0.15,-1.0,-1.0,-1.0,1.0,1.0,-1.0,0.0,-0.3333333333333333,0.15,-1.0,-1.0,-1.0,-1.0,-1.0,1.0
35.22497170045972,0.0,0.0,0.03,1.0,1.0,1.0,0.0,0.3333333333333333,0.15,-1.0,-1.0,-1.0,1.0,1.0,-1.0,0.0,-0.3333333333333333,0.15,-1.0,-1.0,-1.0,-1.0,-1.0,1.0
35.242232399992645,0.0,0.0,0.03,1.0,1.0,1.0,0.0,0.3333333333333333,0.15,-1.0,-1.0,-1.0,1.0,1.0,-1.0,0.0,-0.3333333333333333,0.15,-1.0,-1.0,-1.0,-1.0,-1.0,1.0
35.25892380066216,0.0,0.0,0.03,1.0,1.0,1.0,0.0,0.3333333333333333,0.15,-1.0,-1.0,-1.0,1.0,1.0,-1.0,0.0,-0.3333333333333333,0.15,-1.0,-1.0,-1.0,-1.0,-1.0,1.0
35.279159400612116,0.0,0.0,0.03,1.0,1.0,1.0,0.0,0.3333333333333333,0.15,-1.0,-1.0,-1.0,1.0,1.0,-1.0,0.0,-0.3333333333333333,0.15,-1.0,-1.0,-1.0,-1.0,-1.0,1.0
35.312346200458705,0.0,0.0,0.03,1.0,1.0,1.0,0.0,0.3333333333333333,0.15,-1.0,-1.0,-1.0,1.0,1.0,-1.0,0.0,-0.3333333333333333,0.15,-1.0,-1.0,-1.0,-1.0,-1.0,1.0
35.33268380071968,0.0,0.0,0.03,1.0,1.0,1.0,0.0,0.3333333333333333,0.15,-1.0,-1.0,-1.0,1.0,1.0,-1.0,0.0,-0.3333333333333333,0.15,-1.0,-1.0,-1.0,-1.0,-1.0,1.0
35.34521530009806,0.0,0.0,0.03,1.0,1.0,1.0,0.0,0.3333333333333333,0.15,-1.0,-1.0,-1.0,1.0,1.0,-1.0,0.0,-0.3333333333333333,0.15,-1.0,-1.0,-1.0,-1.0,-1.0,1.0
35.36375890020281,0.0,0.0,0.03,1.0,1.0,1.0,0.0,0.3333333333333333,0.15,-1.0,-1.0,-1.0,1.0,1.0,-1.0,0.0,-0.3333333333333333,0.15,-1.0,-1.0,-1.0,-1.0,-1.0,1.0
35.38316860049963,0.0,0.0,0.03,1.0,1.0,1.0,0.0,0.3333333333333333,0.15,-1.0,-1.0,-1.0,1.0,1.0,-1.0,0.0,-0.3333333333333333,0.15,-1.0,-1.0,-1.0,-1.0,-1.0,1.0
35.39573070034385,0.0,0.0,0.03,1.0,1.0,1.0,0.0,0.3333333333333333,0.15,-1.0,-1.0,-1.0,1.0,1.0,-1.0,0.0,-0.3333333333333333,0.15,-1.0,-1.0,-1.0,-1.0,-1.0,1.0
35.40980760008097,0.0,0.0,0.03,1.0,1.0,1.0,0.0,0.3333333333333333,0.15,-1.0,-1.0,-1.0,1.0,1.0,-1.0,0.0,-0.3333333333333333,0.15,-1.0,-1.0,-1.0,-1.0,-1.0,1.0
35.42520679999143,0.0,0.0,0.03,1.0,1.0,1.0,0.0,0.3333333333333333,0.15,-1.0,-1.0,-1.0,1.0,1.0,-1.0,0.0,-0.3333333333333333,0.15,-1.0,-1.0,-1.0,-1.0,-1.0,1.0
35.456269500777125,0.0,0.0,0.03,1.0,1.0,1.0,0.0,0.3333333333333333,0.15,-1.0,-1.0,-1.0,1.0,1.0,-1.0,0.0,-0.3333333333333333,0.15,-1.0,-1.0,-1.0,-1.0,-1.0,1.0
35.47463360056281,0.0,0.0,0.03,1.0,1.0,1.0,0.0,0.3333333333333333,0.15,-1.0,-1.0,-1.0,1.0,1.0,-1.0,0.0,-0.3333333333333333,0.15,-1.0,-1.0,-1.0,-1.0,-1.0,1.0
35.49441460054368,0.0,0.0,0.03,1.0,1.0,1.0,0.0,0.3333333333333333,0.15,-1.0,-1.0,-1.0,1.0,1.0,-1.0,0.0,-0.3333333333333333,0.15,-1.0,-1.0,-1.0,-1.0,-1.0,1.0
35.526417300105095,0.0,0.0,0.03,1.0,1.0,1.0,0.0,0.3333333333333333,0.15,-1.0,-1.0,-1.0,1.0,1.0,-1.0,0.0,-0.3333333333333333,0.15,-1.0,-1.0,-1.0,-1.0,-1.0,1.0
35.546774100512266,0.0,0.0,0.03,1.0,1.0,1.0,0.0,0.3333333333333333,0.15,-1.0,-1.0,-1.0,1.0,1.0,-1.0,0.0,-0.3333333333333333,0.15,-1.0,-1.0,-1.0,-1.0,-1.0,1.0
35.567542700096965,0.0,0.0,0.03,1.0,1.0,1.0,0.0,0.3333333333333333,0.15,-1.0,-1.0,-1.0,1.0,1.0,-1.0,0.0,-0.3333333333333333,0.15,-1.0,-1.0,-1.0,-1.0,-1.0,1.0
35.598154100589454,0.0,0.0,0.03,1.0,1.0,1.0,0.0,0.3333333333333333,0.15,-1.0,-1.0,-1.0,1.0,1.0,-1.0,0.0,-0.3333333333333333,0.15,-1.0,-1.0,-1.0,-1.0,-1.0,1.0
35.62960380036384,0.0,0.0,0.03,1.0,1.0,1.0,0.0,0.3333333333333333,0.15,-1.0,-1.0,-1.0,1.0,1.0,-1.0,0.0,-0.3333333333333333,0.15,-1.0,-1.0,-1.0,-1.0,-1.0,1.0
35.66010829992592,0.0,0.0,0.03,1.0,1.0,1.0,0.0,0.3333333333333333,0.15,-1.0,-1.0,-1.0,1.0,1.0,-1.0,0.0,-0.3333333333333333,0.15,-1.0,-1.0,-1.0,-1.0,-1.0,1.0
35.69104900024831,0.0,0.0,0.03,1.0,1.0,1.0,0.0,0.3333333333333333,0.15,-1.0,-1.0,-1.0,1.0,1.0,-1.0,0.0,-0.3333333333333333,0.15,-1.0,-1.0,-1.0,-1.0,-1.0,1.0
35.7121271006763,0.0,0.0,0.03,1.0,1.0,1.0,0.0,0.3333333333333333,0.15,-1.0,-1.0,-1.0,1.0,1.0,-1.0,0.0,-0.3333333333333333,0.15,-1.0,-1.0,-1.0,-1.0,-1.0,1.0
35.7353039002046,0.0,0.0,0.03,1.0,1.0,1.0,0.0,0.3333333333333333,0.15,-1.0,-1.0,-1.0,1.0,1.0,-1.0,0.0,-0.3333333333333333,0.15,-1.0,-1.0,-1.0,-1.0,-1.0,1.0
35.75446140021086,0.0,0.0,0.03,1.0,1.0,1.0,0.0,0.3333333333333333,0.15,-1.0,-1.0,-1.0,1.0,1.0,-1.0,0.0,-0.3333333333333333,0.15,-1.0,-1.0,-1.0,-1.0,-1.0,1.0
35.776122900657356,0.0,0.0,0.03,1.0,1.0,1.0,0.0,0.3333333333333333,0.15,-1.0,-1.0,-1.0,1.0,1.0,-1.0,0.0,-0.3333333333333333,0.15,-1.0,-1.0,-1.0,-1.0,-1.0,1.0
35.798019600100815,0.0,0.0,0.03,1.0,1.0,1.0,0.0,0.3333333333333333,0.15,-1.0,-1.0,-1.0,1.0,1.0,-1.0,0.0,-0.3333333333333333,0.15,-1.0,-1.0,-1.0,-1.0,-1.0,1.0
35.81846630014479,0.0,0.0,0.03,1.0,1.0,1.0,0.0,0.3333333333333333,0.15,-1.0,-1.0,-1.0,1.0,1.0,-1.0,0.0,-0.3333333333333333,0.15,-1.0,-1.0,-1.0,-1.0,-1.0,1.0
35.84095090068877,0.0,0.0,0.03,1.0,1.0,1.0,0.0,0.3333333333333333,0.15,-1.0,-1.0,-1.0,1.0,1.0,-1.0,0.0,-0.3333333333333333,0.15,-1.0,-1.0,-1.0,-1.0,-1.0,1.0
35.8735972000286,0.0,0.0,0.03,1.0,1.0,1.0,0.0,0.3333333333333333,0.15,-1.0,-1.0,-1.0,1.0,1.0,-1.0,0.0,-0.3333333333333333,0.15,-1.0,-1.0,-1.0,-1.0,-1.0,1.0
35.89093800075352,0.0,0.0,0.03,1.0,1.0,1.0,0.0,0.3333333333333333,0.15,-1.0,-1.0,-1.0,1.0,1.0,-1.0,0.0,-0.3333333333333333,0.15,-1.0,-1.0,-1.0,-1.0,-1.0,1.0
35.907583200372756,0.0,0.0,0.03,1.0,1.0,1.0,0.0,0.3333333333333333,0.15,-1.0,-1.0,-1.0,1.0,1.0,-1.0,0.0,-0.3333333333333333,0.15,-1.0,-1.0,-1.0,-1.0,-1.0,1.0
35.92414810042828,0.0,0.0,0.03,1.0,1.0,1.0,0.0,0.3333333333333333,0.15,-1.0,-1.0,-1.0,1.0,1.0,-1.0,0.0,-0.3333333333333333,0.15,-1.0,-1.0,-1.0,-1.0,-1.0,1.0
35.94772370066494,0.0,0.0,0.03,1.0,1.0,1.0,0.0,0.3333333333333333,0.15,-1.0,-1.0,-1.0,1.0,1.0,-1.0,0.0,-0.3333333333333333,0.15,-1.0,-1.0,-1.0,-1.0,-1.0,1.0
35.978110200725496,0.0,0.0,0.03,1.0,1.0,1.0,0.0,0.3333333333333333,0.15,-1.0,-1.0,-1.0,1.0,1.0,-1.0,0.0,-0.3333333333333333,0.15,-1.0,-1.0,-1.0,-1.0,-1.0,1.0
35.99566590040922,0.0,0.0,0.03,1.0,1.0,1.0,0.0,0.3333333333333333,0.15,-1.0,-1.0,-1.0,1.0,1.0,-1.0,0.0,-0.3333333333333333,0.15,-1.0,-1.0,-1.0,-1.0,-1.0,1.0
36.01841040048748,0.0,0.0,0.03,1.0,1.0,1.0,0.0,0.3333333333333333,0.15,-1.0,-1.0,-1.0,1.0,1.0,-1.0,0.0,-0.3333333333333333,0.15,-1.0,-1.0,-1.0,-1.0,-1.0,1.0
36.02931710053235,0.0,0.0,0.03,1.0,1.0,1.0,0.0,0.3333333333333333,0.15,-1.0,-1.0,-1.0,1.0,1.0,-1.0,0.0,-0.3333333333333333,0.15,-1.0,-1.0,-1.0,-1.0,-1.0,1.0
36.05892730038613,0.0,0.0,0.03,1.0,1.0,1.0,0.0,0.3333333333333333,0.15,-1.0,-1.0,-1.0,1.0,1.0,-1.0,0.0,-0.3333333333333333,0.15,-1.0,-1.0,-1.0,-1.0,-1.0,1.0
36.075393199920654,0.0,0.0,0.03,1.0,1.0,1.0,0.0,0.3333333333333333,0.15,-1.0,-1.0,-1.0,1.0,1.0,-1.0,0.0,-0.3333333333333333,0.15,-1.0,-1.0,-1.0,-1.0,-1.0,1.0
36.091204000636935,0.0,0.0,0.03,1.0,1.0,1.0,0.0,0.3333333333333333,0.15,-1.0,-1.0,-1.0,1.0,1.0,-1.0,0.0,-0.3333333333333333,0.15,-1.0,-1.0,-1.0,-1.0,-1.0,1.0
36.111346300691366,0.0,0.0,0.03,1.0,1.0,1.0,0.0,0.3333333333333333,0.15,-1.0,-1.0,-1.0,1.0,1.0,-1.0,0.0,-0.3333333333333333,0.15,-1.0,-1.0,-1.0,-1.0,-1.0,1.0
36.126468900591135,0.0,0.0,0.03,1.0,1.0,1.0,0.0,0.3333333333333333,0.15,-1.0,-1.0,-1.0,1.0,1.0,-1.0,0.0,-0.3333333333333333,0.15,-1.0,-1.0,-1.0,-1.0,-1.0,1.0
36.15328409988433,0.0,0.0,0.03,1.0,1.0,1.0,0.0,0.3333333333333333,0.15,-1.0,-1.0,-1.0,1.0,1.0,-1.0,0.0,-0.3333333333333333,0.15,-1.0,-1.0,-1.0,-1.0,-1.0,1.0
36.18286450020969,0.0,0.0,0.03,1.0,1.0,1.0,0.0,0.3333333333333333,0.15,-1.0,-1.0,-1.0,1.0,1.0,-1.0,0.0,-0.3333333333333333,0.15,-1.0,-1.0,-1.0,-1.0,-1.0,1.0
36.19789270032197,0.0,0.0,0.03,1.0,1.0,1.0,0.0,0.3333333333333333,0.15,-1.0,-1.0,-1.0,1.0,1.0,-1.0,0.0,-0.3333333333333333,0.15,-1.0,-1.0,-1.0,-1.0,-1.0,1.0
36.21861270070076,0.0,0.0,0.03,1.0,1.0,1.0,0.0,0.3333333333333333,0.15,-1.0,-1.0,-1.0,1.0,1.0,-1.0,0.0,-0.3333333333333333,0.15,-1.0,-1.0,-1.0,-1.0,-1.0,1.0
36.24073929991573,0.0,0.0,0.03,1.0,1.0,1.0,0.0,0.3333333333333333,0.15,-1.0,-1.0,-1.0,1.0,1.0,-1.0,0.0,-0.3333333333333333,0.15,-1.0,-1.0,-1.0,-1.0,-1.0,1.0
36.25791760068387,0.0,0.0,0.03,1.0,1.0,1.0,0.0,0.3333333333333333,0.15,-1.0,-1.0,-1.0,1.0,1.0,-1.0,0.0,-0.3333333333333333,0.15,-1.0,-1.0,-1.0,-1.0,-1.0,1.0
36.27532749995589,0.0,0.0,0.03,1.0,1.0,1.0,0.0,0.3333333333333333,0.15,-1.0,-1.0,-1.0,1.0,1.0,-1.0,0.0,-0.3333333333333333,0.15,-1.0,-1.0,-1.0,-1.0,-1.0,1.0
36.29300810024142,0.0,0.0,0.03,1.0,1.0,1.0,0.0,0.3333333333333333,0.15,-1.0,-1.0,-1.0,1.0,1.0,-1.0,0.0,-0.3333333333333333,0.15,-1.0,-1.0,-1.0,-1.0,-1.0,1.0
36.30755780078471,0.0,0.0,0.03,1.0,1.0,1.0,0.0,0.3333333333333333,0.15,-1.0,-1.0,-1.0,1.0,1.0,-1.0,0.0,-0.3333333333333333,0.15,-1.0,-1.0,-1.0,-1.0,-1.0,1.0
36.331059500575066,0.0,0.0,0.03,1.0,1.0,1.0,0.0,0.3333333333333333,0.15,-1.0,-1.0,-1.0,1.0,1.0,-1.0,0.0,-0.3333333333333333,0.15,-1.0,-1.0,-1.0,-1.0,-1.0,1.0
36.36085700057447,0.0,0.0,0.03,1.0,1.0,1.0,0.0,0.3333333333333333,0.15,-1.0,-1.0,-1.0,1.0,1.0,-1.0,0.0,-0.3333333333333333,0.15,-1.0,-1.0,-1.0,-1.0,-1.0,1.0
36.39005170017481,0.0,0.0,0.03,1.0,1.0,1.0,0.0,0.3333333333333333,0.15,-1.0,-1.0,-1.0,1.0,1.0,-1.0,0.0,-0.3333333333333333,0.15,-1.0,-1.0,-1.0,-1.0,-1.0,1.0
36.42404430080205,0.0,0.0,0.03,1.0,1.0,1.0,0.0,0.3333333333333333,0.15,-1.0,-1.0,-1.0,1.0,1.0,-1.0,0.0,-0.3333333333333333,0.15,-1.0,-1.0,-1.0,-1.0,-1.0,1.0
36.44494610000402,0.0,0.0,0.03,1.0,1.0,1.0,0.0,0.3333333333333333,0.15,-1.0,-1.0,-1.0,1.0,1.0,-1.0,0.0,-0.3333333333333333,0.15,-1.0,-1.0,-1.0,-1.0,-1.0,1.0
36.46377080027014,0.0,0.0,0.03,1.0,1.0,1.0,0.0,0.3333333333333333,0.15,-1.0,-1.0,-1.0,1.0,1.0,-1.0,0.0,-0.3333333333333333,0.15,-1.0,-1.0,-1.0,-1.0,-1.0,1.0
36.49492400046438,0.0,0.0,0.03,1.0,1.0,1.0,0.0,0.3333333333333333,0.15,-1.0,-1.0,-1.0,1.0,1.0,-1.0,0.0,-0.3333333333333333,0.15,-1.0,-1.0,-1.0,-1.0,-1.0,1.0
36.5112616000697,0.0,0.0,0.03,1.0,1.0,1.0,0.0,0.3333333333333333,0.15,-1.0,-1.0,-1.0,1.0,1.0,-1.0,0.0,-0.3333333333333333,0.15,-1.0,-1.0,-1.0,-1.0,-1.0,1.0
36.53344080038369,0.0,0.0,0.03,1.0,1.0,1.0,0.0,0.3333333333333333,0.15,-1.0,-1.0,-1.0,1.0,1.0,-1.0,0.0,-0.3333333333333333,0.15,-1.0,-1.0,-1.0,-1.0,-1.0,1.0
36.55320480000228,0.0,0.0,0.03,1.0,1.0,1.0,0.0,0.3333333333333333,0.15,-1.0,-1.0,-1.0,1.0,1.0,-1.0,0.0,-0.3333333333333333,0.15,-1.0,-1.0,-1.0,-1.0,-1.0,1.0
36.58419520035386,0.0,0.0,0.03,1.0,1.0,1.0,0.0,0.3333333333333333,0.15,-1.0,-1.0,-1.0,1.0,1.0,-1.0,0.0,-0.3333333333333333,0.15,-1.0,-1.0,-1.0,-1.0,-1.0,1.0
36.61537750065327,0.0,0.0,0.03,1.0,1.0,1.0,0.0,0.3333333333333333,0.15,-1.0,-1.0,-1.0,1.0,1.0,-1.0,0.0,-0.3333333333333333,0.15,-1.0,-1.0,-1.0,-1.0,-1.0,1.0
36.628144199959934,0.0,0.0,0.03,1.0,1.0,1.0,0.0,0.3333333333333333,0.15,-1.0,-1.0,-1.0,1.0,1.0,-1.0,0.0,-0.3333333333333333,0.15,-1.0,-1.0,-1.0,-1.0,-1.0,1.0
36.64309439994395,0.0,0.0,0.03,1.0,1.0,1.0,0.0,0.3333333333333333,0.15,-1.0,-1.0,-1.0,1.0,1.0,-1.0,0.0,-0.3333333333333333,0.15,-1.0,-1.0,-1.0,-1.0,-1.0,1.0
36.65720530040562,0.0,0.0,0.03,1.0,1.0,1.0,0.0,0.3333333333333333,0.15,-1.0,-1.0,-1.0,1.0,1.0,-1.0,0.0,-0.3333333333333333,0.15,-1.0,-1.0,-1.0,-1.0,-1.0,1.0
36.676764599978924,0.0,0.0,0.03,1.0,1.0,1.0,0.0,0.3333333333333333,0.15,-1.0,-1.0,-1.0,1.0,1.0,-1.0,0.0,-0.3333333333333333,0.15,-1.0,-1.0,-1.0,-1.0,-1.0,1.0
36.693399300798774,0.0,0.0,0.03,1.0,1.0,1.0,0.0,0.3333333333333333,0.15,-1.0,-1.0,-1.0,1.0,1.0,-1.0,0.0,-0.3333333333333333,0.15,-1.0,-1.0,-1.0,-1.0,-1.0,1.0
36.725363000296056,0.0,0.0,0.03,1.0,1.0,1.0,0.0,0.3333333333333333,0.15,-1.0,-1.0,-1.0,1.0,1.0,-1.0,0.0,-0.3333333333333333,0.15,-1.0,-1.0,-1.0,-1.0,-1.0,1.0
36.755938299931586,0.0,0.0,0.03,1.0,1.0,1.0,0.0,0.3333333333333333,0.15,-1.0,-1.0,-1.0,1.0,1.0,-1.0,0.0,-0.3333333333333333,0.15,-1.0,-1.0,-1.0,-1.0,-1.0,1.0
36.77806640043855,0.0,0.0,0.03,1.0,1.0,1.0,0.0,0.3333333333333333,0.15,-1.0,-1.0,-1.0,1.0,1.0,-1.0,0.0,-0.3333333333333333,0.15,-1.0,-1.0,-1.0,-1.0,-1.0,1.0
36.798956899903715,0.0,0.0,0.03,1.0,1.0,1.0,0.0,0.3333333333333333,0.15,-1.0,-1.0,-1.0,1.0,1.0,-1.0,0.0,-0.3333333333333333,0.15,-1.0,-1.0,-1.0,-1.0,-1.0,1.0
36.83087630011141,0.0,0.0,0.03,1.0,1.0,1.0,0.0,0.3333333333333333,0.15,-1.0,-1.0,-1.0,1.0,1.0,-1.0,0.0,-0.3333333333333333,0.15,-1.0,-1.0,-1.0,-1.0,-1.0,1.0
36.85422939993441,0.0,0.0,0.03,1.0,1.0,1.0,0.0,0.3333333333333333,0.15,-1.0,-1.0,-1.0,1.0,1.0,-1.0,0.0,-0.3333333333333333,0.15,-1.0,-1.0,-1.0,-1.0,-1.0,1.0
36.86555530037731,0.0,0.0,0.03,1.0,1.0,1.0,0.0,0.3333333333333333,0.15,-1.0,-1.0,-1.0,1.0,1.0,-1.0,0.0,-0.3333333333333333,0.15,-1.0,-1.0,-1.0,-1.0,-1.0,1.0
36.89336290024221,0.0,0.0,0.03,1.0,1.0,1.0,0.0,0.3333333333333333,0.15,-1.0,-1.0,-1.0,1.0,1.0,-1.0,0.0,-0.3333333333333333,0.15,-1.0,-1.0,-1.0,-1.0,-1.0,1.0
36.918308700434864,0.0,0.0,0.03,1.0,1.0,1.0,0.0,0.3333333333333333,0.15,-1.0,-1.0,-1.0,1.0,1.0,-1.0,0.0,-0.3333333333333333,0.15,-1.0,-1.0,-1.0,-1.0,-1.0,1.0
36.92982330080122,0.0,0.0,0.03,1.0,1.0,1.0,0.0,0.3333333333333333,0.15,-1.0,-1.0,-1.0,1.0,1.0,-1.0,0.0,-0.3333333333333333,0.15,-1.0,-1.0,-1.0,-1.0,-1.0,1.0
36.956379500217736,0.0,0.0,0.03,1.0,1.0,1.0,0.0,0.3333333333333333,0.15,-1.0,-1.0,-1.0,1.0,1.0,-1.0,0.0,-0.3333333333333333,0.15,-1.0,-1.0,-1.0,-1.0,-1.0,1.0
36.97830120008439,0.0,0.0,0.03,1.0,1.0,1.0,0.0,0.3333333333333333,0.15,-1.0,-1.0,-1.0,1.0,1.0,-1.0,0.0,-0.3333333333333333,0.15,-1.0,-1.0,-1.0,-1.0,-1.0,1.0
36.997474300675094,0.0,0.0,0.03,1.0,1.0,1.0,0.0,0.3333333333333333,0.15,-1.0,-1.0,-1.0,1.0,1.0,-1.0,0.0,-0.3333333333333333,0.15,-1.0,-1.0,-1.0,-1.0,-1.0,1.0
37.02743470016867,0.0,0.0,0.03,1.0,1.0,1.0,0.0,0.3333333333333333,0.15,-1.0,-1.0,-1.0,1.0,1.0,-1.0,0.0,-0.3333333333333333,0.15,-1.0,-1.0,-1.0,-1.0,-1.0,1.0
37.058976700529456,0.0,0.0,0.03,1.0,1.0,1.0,0.0,0.3333333333333333,0.15,-1.0,-1.0,-1.0,1.0,1.0,-1.0,0.0,-0.3333333333333333,0.15,-1.0,-1.0,-1.0,-1.0,-1.0,1.0
37.081829300150275,0.0,0.0,0.03,1.0,1.0,1.0,0.0,0.3333333333333333,0.15,-1.0,-1.0,-1.0,1.0,1.0,-1.0,0.0,-0.3333333333333333,0.15,-1.0,-1.0,-1.0,-1.0,-1.0,1.0
37.101749900728464,0.0,0.0,0.03,1.0,1.0,1.0,0.0,0.3333333333333333,0.15,-1.0,-1.0,-1.0,1.0,1.0,-1.0,0.0,-0.3333333333333333,0.15,-1.0,-1.0,-1.0,-1.0,-1.0,1.0
37.11291280016303,0.0,0.0,0.03,1.0,1.0,1.0,0.0,0.3333333333333333,0.15,-1.0,-1.0,-1.0,1.0,1.0,-1.0,0.0,-0.3333333333333333,0.15,-1.0,-1.0,-1.0,-1.0,-1.0,1.0
37.144364800304174,0.0,0.0,0.03,1.0,1.0,1.0,0.0,0.3333333333333333,0.15,-1.0,-1.0,-1.0,1.0,1.0,-1.0,0.0,-0.3333333333333333,0.15,-1.0,-1.0,-1.0,-1.0,-1.0,1.0
37.16700900066644,0.0,0.0,0.03,1.0,1.0,1.0,0.0,0.3333333333333333,0.15,-1.0,-1.0,-1.0,1.0,1.0,-1.0,0.0,-0.3333333333333333,0.15,-1.0,-1.0,-1.0,-1.0,-1.0,1.0
37.18698660004884,0.0,0.0,0.03,1.0,1.0,1.0,0.0,0.3333333333333333,0.15,-1.0,-1.0,-1.0,1.0,1.0,-1.0,0.0,-0.3333333333333333,0.15,-1.0,-1.0,-1.0,-1.0,-1.0,1.0
37.22143220063299,0.0,0.0,0.03,1.0,1.0,1.0,0.0,0.3333333333333333,0.15,-1.0,-1.0,-1.0,1.0,1.0,-1.0,0.0,-0.3333333333333333,0.15,-1.0,-1.0,-1.0,-1.0,-1.0,1.0
37.2383865006268,0.0,0.0,0.03,1.0,1.0,1.0,0.0,0.3333333333333333,0.15,-1.0,-1.0,-1.0,1.0,1.0,-1.0,0.0,-0.3333333333333333,0.15,-1.0,-1.0,-1.0,-1.0,-1.0,1.0
37.27138650044799,0.0,0.0,0.03,1.0,1.0,1.0,0.0,0.3333333333333333,0.15,-1.0,-1.0,-1.0,1.0,1.0,-1.0,0.0,-0.3333333333333333,0.15,-1.0,-1.0,-1.0,-1.0,-1.0,1.0
37.282182400114834,0.0,0.0,0.03,1.0,1.0,1.0,0.0,0.3333333333333333,0.15,-1.0,-1.0,-1.0,1.0,1.0,-1.0,0.0,-0.3333333333333333,0.15,-1.0,-1.0,-1.0,-1.0,-1.0,1.0
37.294254099950194,0.0,0.0,0.03,1.0,1.0,1.0,0.0,0.3333333333333333,0.15,-1.0,-1.0,-1.0,1.0,1.0,-1.0,0.0,-0.3333333333333333,0.15,-1.0,-1.0,-1.0,-1.0,-1.0,1.0
37.32461840007454,0.0,0.0,0.03,1.0,1.0,1.0,0.0,0.3333333333333333,0.15,-1.0,-1.0,-1.0,1.0,1.0,-1.0,0.0,-0.3333333333333333,0.15,-1.0,-1.0,-1.0,-1.0,-1.0,1.0
37.346227100118995,0.0,0.0,0.03,1.0,1.0,1.0,0.0,0.3333333333333333,0.15,-1.0,-1.0,-1.0,1.0,1.0,-1.0,0.0,-0.3333333333333333,0.15,-1.0,-1.0,-1.0,-1.0,-1.0,1.0
37.366822300478816,0.0,0.0,0.03,1.0,1.0,1.0,0.0,0.3333333333333333,0.15,-1.0,-1.0,-1.0,1.0,1.0,-1.0,0.0,-0.3333333333333333,0.15,-1.0,-1.0,-1.0,-1.0,-1.0,1.0
37.38887319993228,0.0,0.0,0.03,1.0,1.0,1.0,0.0,0.3333333333333333,0.15,-1.0,-1.0,-1.0,1.0,1.0,-1.0,0.0,-0.3333333333333333,0.15,-1.0,-1.0,-1.0,-1.0,-1.0,1.0
37.40935260057449,0.0,0.0,0.03,1.0,1.0,1.0,0.0,0.3333333333333333,0.15,-1.0,-1.0,-1.0,1.0,1.0,-1.0,0.0,-0.3333333333333333,0.15,-1.0,-1.0,-1.0,-1.0,-1.0,1.0
37.42380250059068,0.0,0.0,0.03,1.0,1.0,1.0,0.0,0.3333333333333333,0.15,-1.0,-1.0,-1.0,1.0,1.0,-1.0,0.0,-0.3333333333333333,0.15,-1.0,-1.0,-1.0,-1.0,-1.0,1.0
37.44158050045371,0.0,0.0,0.03,1.0,1.0,1.0,0.0,0.3333333333333333,0.15,-1.0,-1.0,-1.0,1.0,1.0,-1.0,0.0,-0.3333333333333333,0.15,-1.0,-1.0,-1.0,-1.0,-1.0,1.0
37.47182450070977,0.0,0.0,0.03,1.0,1.0,1.0,0.0,0.3333333333333333,0.15,-1.0,-1.0,-1.0,1.0,1.0,-1.0,0.0,-0.3333333333333333,0.15,-1.0,-1.0,-1.0,-1.0,-1.0,1.0
37.50007330067456,0.0,0.0,0.03,1.0,1.0,1.0,0.0,0.3333333333333333,0.15,-1.0,-1.0,-1.0,1.0,1.0,-1.0,0.0,-0.3333333333333333,0.15,-1.0,-1.0,-1.0,-1.0,-1.0,1.0
37.533474100753665,0.0,0.0,0.03,1.0,1.0,1.0,0.0,0.3333333333333333,0.15,-1.0,-1.0,-1.0,1.0,1.0,-1.0,0.0,-0.3333333333333333,0.15,-1.0,-1.0,-1.0,-1.0,-1.0,1.0
37.564824000000954,0.0,0.0,0.03,1.0,1.0,1.0,0.0,0.3333333333333333,0.15,-1.0,-1.0,-1.0,1.0,1.0,-1.0,0.0,-0.3333333333333333,0.15,-1.0,-1.0,-1.0,-1.0,-1.0,1.0
37.59761500079185,0.0,0.0,0.03,1.0,1.0,1.0,0.0,0.3333333333333333,0.15,-1.0,-1.0,-1.0,1.0,1.0,-1.0,0.0,-0.3333333333333333,0.15,-1.0,-1.0,-1.0,-1.0,-1.0,1.0
37.61787200067192,0.0,0.0,0.03,1.0,1.0,1.0,0.0,0.3333333333333333,0.15,-1.0,-1.0,-1.0,1.0,1.0,-1.0,0.0,-0.3333333333333333,0.15,-1.0,-1.0,-1.0,-1.0,-1.0,1.0
37.63753470033407,0.0,0.0,0.03,1.0,1.0,1.0,0.0,0.3333333333333333,0.15,-1.0,-1.0,-1.0,1.0,1.0,-1.0,0.0,-0.3333333333333333,0.15,-1.0,-1.0,-1.0,-1.0,-1.0,1.0
37.64942860044539,0.0,0.0,0.03,1.0,1.0,1.0,0.0,0.3333333333333333,0.15,-1.0,-1.0,-1.0,1.0,1.0,-1.0,0.0,-0.3333333333333333,0.15,-1.0,-1.0,-1.0,-1.0,-1.0,1.0
37.66757280007005,0.0,0.0,0.03,1.0,1.0,1.0,0.0,0.3333333333333333,0.15,-1.0,-1.0,-1.0,1.0,1.0,-1.0,0.0,-0.3333333333333333,0.15,-1.0,-1.0,-1.0,-1.0,-1.0,1.0
37.68084670044482,0.0,0.0,0.03,1.0,1.0,1.0,0.0,0.3333333333333333,0.15,-1.0,-1.0,-1.0,1.0,1.0,-1.0,0.0,-0.3333333333333333,0.15,-1.0,-1.0,-1.0,-1.0,-1.0,1.0
37.697852400131524,0.0,0.0,0.03,1.0,1.0,1.0,0.0,0.3333333333333333,0.15,-1.0,-1.0,-1.0,1.0,1.0,-1.0,0.0,-0.3333333333333333,0.15,-1.0,-1.0,-1.0,-1.0,-1.0,1.0
37.710417000576854,0.0,0.0,0.03,1.0,1.0,1.0,0.0,0.3333333333333333,0.15,-1.0,-1.0,-1.0,1.0,1.0,-1.0,0.0,-0.3333333333333333,0.15,-1.0,-1.0,-1.0,-1.0,-1.0,1.0
37.731521000154316,0.0,0.0,0.03,1.0,1.0,1.0,0.0,0.3333333333333333,0.15,-1.0,-1.0,-1.0,1.0,1.0,-1.0,0.0,-0.3333333333333333,0.15,-1.0,-1.0,-1.0,-1.0,-1.0,1.0
37.763714000582695,0.0,0.0,0.03,1.0,1.0,1.0,0.0,0.3333333333333333,0.15,-1.0,-1.0,-1.0,1.0,1.0,-1.0,0.0,-0.3333333333333333,0.15,-1.0,-1.0,-1.0,-1.0,-1.0,1.0
37.77933940012008,0.0,0.0,0.03,1.0,1.0,1.0,0.0,0.3333333333333333,0.15,-1.0,-1.0,-1.0,1.0,1.0,-1.0,0.0,-0.3333333333333333,0.15,-1.0,-1.0,-1.0,-1.0,-1.0,1.0
37.80079730041325,0.0,0.0,0.03,1.0,1.0,1.0,0.0,0.3333333333333333,0.15,-1.0,-1.0,-1.0,1.0,1.0,-1.0,0.0,-0.3333333333333333,0.15,-1.0,-1.0,-1.0,-1.0,-1.0,1.0
37.81140660028905,0.0,0.0,0.03,1.0,1.0,1.0,0.0,0.3333333333333333,0.15,-1.0,-1.0,-1.0,1.0,1.0,-1.0,0.0,-0.3333333333333333,0.15,-1.0,-1.0,-1.0,-1.0,-1.0,1.0
37.831894100643694,0.0,0.0,0.03,1.0,1.0,1.0,0.0,0.3333333333333333,0.15,-1.0,-1.0,-1.0,1.0,1.0,-1.0,0.0,-0.3333333333333333,0.15,-1.0,-1.0,-1.0,-1.0,-1.0,1.0
37.85420140065253,0.0,0.0,0.03,1.0,1.0,1.0,0.0,0.3333333333333333,0.15,-1.0,-1.0,-1.0,1.0,1.0,-1.0,0.0,-0.3333333333333333,0.15,-1.0,-1.0,-1.0,-1.0,-1.0,1.0
37.86503669992089,0.0,0.0,0.03,1.0,1.0,1.0,0.0,0.3333333333333333,0.15,-1.0,-1.0,-1.0,1.0,1.0,-1.0,0.0,-0.3333333333333333,0.15,-1.0,-1.0,-1.0,-1.0,-1.0,1.0
37.885023600421846,0.0,0.0,0.03,1.0,1.0,1.0,0.0,0.3333333333333333,0.15,-1.0,-1.0,-1.0,1.0,1.0,-1.0,0.0,-0.3333333333333333,0.15,-1.0,-1.0,-1.0,-1.0,-1.0,1.0
37.90587870031595,0.0,0.0,0.03,1.0,1.0,1.0,0.0,0.3333333333333333,0.15,-1.0,-1.0,-1.0,1.0,1.0,-1.0,0.0,-0.3333333333333333,0.15,-1.0,-1.0,-1.0,-1.0,-1.0,1.0
37.925421399995685,0.0,0.0,0.03,1.0,1.0,1.0,0.0,0.3333333333333333,0.15,-1.0,-1.0,-1.0,1.0,1.0,-1.0,0.0,-0.3333333333333333,0.15,-1.0,-1.0,-1.0,-1.0,-1.0,1.0
37.948610700666904,0.0,0.0,0.03,1.0,1.0,1.0,0.0,0.3333333333333333,0.15,-1.0,-1.0,-1.0,1.0,1.0,-1.0,0.0,-0.3333333333333333,0.15,-1.0,-1.0,-1.0,-1.0,-1.0,1.0
37.96254040021449,0.0,0.0,0.03,1.0,1.0,1.0,0.0,0.3333333333333333,0.15,-1.0,-1.0,-1.0,1.0,1.0,-1.0,0.0,-0.3333333333333333,0.15,-1.0,-1.0,-1.0,-1.0,-1.0,1.0
37.9769999999553,0.0,0.0,0.03,1.0,1.0,1.0,0.0,0.3333333333333333,0.15,-1.0,-1.0,-1.0,1.0,1.0,-1.0,0.0,-0.3333333333333333,0.15,-1.0,-1.0,-1.0,-1.0,-1.0,1.0
37.99412190075964,0.0,0.0,0.03,1.0,1.0,1.0,0.0,0.3333333333333333,0.15,-1.0,-1.0,-1.0,1.0,1.0,-1.0,0.0,-0.3333333333333333,0.15,-1.0,-1.0,-1.0,-1.0,-1.0,1.0
38.01572780031711,0.0,0.0,0.03,1.0,1.0,1.0,0.0,0.3333333333333333,0.15,-1.0,-1.0,-1.0,1.0,1.0,-1.0,0.0,-0.3333333333333333,0.15,-1.0,-1.0,-1.0,-1.0,-1.0,1.0
38.04588190000504,0.0,0.0,0.03,1.0,1.0,1.0,0.0,0.3333333333333333,0.15,-1.0,-1.0,-1.0,1.0,1.0,-1.0,0.0,-0.3333333333333333,0.15,-1.0,-1.0,-1.0,-1.0,-1.0,1.0
38.061061000451446,0.0,0.0,0.03,1.0,1.0,1.0,0.0,0.3333333333333333,0.15,-1.0,-1.0,-1.0,1.0,1.0,-1.0,0.0,-0.3333333333333333,0.15,-1.0,-1.0,-1.0,-1.0,-1.0,1.0
38.0767414001748,0.0,0.0,0.03,1.0,1.0,1.0,0.0,0.3333333333333333,0.15,-1.0,-1.0,-1.0,1.0,1.0,-1.0,0.0,-0.3333333333333333,0.15,-1.0,-1.0,-1.0,-1.0,-1.0,1.0
38.099031700752676,0.0,0.0,0.03,1.0,1.0,1.0,0.0,0.3333333333333333,0.15,-1.0,-1.0,-1.0,1.0,1.0,-1.0,0.0,-0.3333333333333333,0.15,-1.0,-1.0,-1.0,-1.0,-1.0,1.0
38.120597099885345,0.0,0.0,0.03,1.0,1.0,1.0,0.0,0.3333333333333333,0.15,-1.0,-1.0,-1.0,1.0,1.0,-1.0,0.0,-0.3333333333333333,0.15,-1.0,-1.0,-1.0,-1.0,-1.0,1.0
38.143678000196815,0.0,0.0,0.03,1.0,1.0,1.0,0.0,0.3333333333333333,0.15,-1.0,-1.0,-1.0,1.0,1.0,-1.0,0.0,-0.3333333333333333,0.15,-1.0,-1.0,-1.0,-1.0,-1.0,1.0
38.16387030016631,0.0,0.0,0.03,1.0,1.0,1.0,0.0,0.3333333333333333,0.15,-1.0,-1.0,-1.0,1.0,1.0,-1.0,0.0,-0.3333333333333333,0.15,-1.0,-1.0,-1.0,-1.0,-1.0,1.0
38.17679430078715,0.0,0.0,0.03,1.0,1.0,1.0,0.0,0.3333333333333333,0.15,-1.0,-1.0,-1.0,1.0,1.0,-1.0,0.0,-0.3333333333333333,0.15,-1.0,-1.0,-1.0,-1.0,-1.0,1.0
38.194166500121355,0.0,0.0,0.03,1.0,1.0,1.0,0.0,0.3333333333333333,0.15,-1.0,-1.0,-1.0,1.0,1.0,-1.0,0.0,-0.3333333333333333,0.15,-1.0,-1.0,-1.0,-1.0,-1.0,1.0
38.211516600102186,0.0,0.0,0.03,1.0,1.0,1.0,0.0,0.3333333333333333,0.15,-1.0,-1.0,-1.0,1.0,1.0,-1.0,0.0,-0.3333333333333333,0.15,-1.0,-1.0,-1.0,-1.0,-1.0,1.0
38.240396100096405,0.0,0.0,0.03,1.0,1.0,1.0,0.0,0.3333333333333333,0.15,-1.0,-1.0,-1.0,1.0,1.0,-1.0,0.0,-0.3333333333333333,0.15,-1.0,-1.0,-1.0,-1.0,-1.0,1.0
38.261203000321984,0.0,0.0,0.03,1.0,1.0,1.0,0.0,0.3333333333333333,0.15,-1.0,-1.0,-1.0,1.0,1.0,-1.0,0.0,-0.3333333333333333,0.15,-1.0,-1.0,-1.0,-1.0,-1.0,1.0
38.27833850029856,0.0,0.0,0.03,1.0,1.0,1.0,0.0,0.3333333333333333,0.15,-1.0,-1.0,-1.0,1.0,1.0,-1.0,0.0,-0.3333333333333333,0.15,-1.0,-1.0,-1.0,-1.0,-1.0,1.0
38.296518000774086,0.0,0.0,0.03,1.0,1.0,1.0,0.0,0.3333333333333333,0.15,-1.0,-1.0,-1.0,1.0,1.0,-1.0,0.0,-0.3333333333333333,0.15,-1.0,-1.0,-1.0,-1.0,-1.0,1.0
38.329406700097024,0.0,0.0,0.03,1.0,1.0,1.0,0.0,0.3333333333333333,0.15,-1.0,-1.0,-1.0,1.0,1.0,-1.0,0.0,-0.3333333333333333,0.15,-1.0,-1.0,-1.0,-1.0,-1.0,1.0
38.36102040018886,0.0,0.0,0.03,1.0,1.0,1.0,0.0,0.3333333333333333,0.15,-1.0,-1.0,-1.0,1.0,1.0,-1.0,0.0,-0.3333333333333333,0.15,-1.0,-1.0,-1.0,-1.0,-1.0,1.0
38.376999200321734,0.0,0.0,0.03,1.0,1.0,1.0,0.0,0.3333333333333333,0.15,-1.0,-1.0,-1.0,1.0,1.0,-1.0,0.0,-0.3333333333333333,0.15,-1.0,-1.0,-1.0,-1.0,-1.0,1.0
38.39724230021238,0.0,0.0,0.03,1.0,1.0,1.0,0.0,0.3333333333333333,0.15,-1.0,-1.0,-1.0,1.0,1.0,-1.0,0.0,-0.3333333333333333,0.15,-1.0,-1.0,-1.0,-1.0,-1.0,1.0
38.410455600358546,0.0,0.0,0.03,1.0,1.0,1.0,0.0,0.3333333333333333,0.15,-1.0,-1.0,-1.0,1.0,1.0,-1.0,0.0,-0.3333333333333333,0.15,-1.0,-1.0,-1.0,-1.0,-1.0,1.0
38.43054570071399,0.0,0.0,0.03,1.0,1.0,1.0,0.0,0.3333333333333333,0.15,-1.0,-1.0,-1.0,1.0,1.0,-1.0,0.0,-0.3333333333333333,0.15,-1.0,-1.0,-1.0,-1.0,-1.0,1.0
38.44328430015594,0.0,0.0,0.03,1.0,1.0,1.0,0.0,0.3333333333333333,0.15,-1.0,-1.0,-1.0,1.0,1.0,-1.0,0.0,-0.3333333333333333,0.15,-1.0,-1.0,-1.0,-1.0,-1.0,1.0
38.472123600542545,0.0,0.0,0.03,1.0,1.0,1.0,0.0,0.3333333333333333,0.15,-1.0,-1.0,-1.0,1.0,1.0,-1.0,0.0,-0.3333333333333333,0.15,-1.0,-1.0,-1.0,-1.0,-1.0,1.0
38.490221300162375,0.0,0.0,0.03,1.0,1.0,1.0,0.0,0.3333333333333333,0.15,-1.0,-1.0,-1.0,1.0,1.0,-1.0,0.0,-0.3333333333333333,0.15,-1.0,-1.0,-1.0,-1.0,-1.0,1.0
38.50699290074408,0.0,0.0,0.03,1.0,1.0,1.0,0.0,0.3333333333333333,0.15,-1.0,-1.0,-1.0,1.0,1.0,-1.0,0.0,-0.3333333333333333,0.15,-1.0,-1.0,-1.0,-1.0,-1.0,1.0
38.524945200420916,0.0,0.0,0.03,1.0,1.0,1.0,0.0,0.3333333333333333,0.15,-1.0,-1.0,-1.0,1.0,1.0,-1.0,0.0,-0.3333333333333333,0.15,-1.0,-1.0,-1.0,-1.0,-1.0,1.0
38.540078500285745,0.0,0.0,0.03,1.0,1.0,1.0,0.0,0.3333333333333333,0.15,-1.0,-1.0,-1.0,1.0,1.0,-1.0,0.0,-0.3333333333333333,0.15,-1.0,-1.0,-1.0,-1.0,-1.0,1.0
38.55811850074679,0.0,0.0,0.03,1.0,1.0,1.0,0.0,0.3333333333333333,0.15,-1.0,-1.0,-1.0,1.0,1.0,-1.0,0.0,-0.3333333333333333,0.15,-1.0,-1.0,-1.0,-1.0,-1.0,1.0
38.5730934003368,0.0,0.0,0.03,1.0,1.0,1.0,0.0,0.3333333333333333,0.15,-1.0,-1.0,-1.0,1.0,1.0,-1.0,0.0,-0.3333333333333333,0.15,-1.0,-1.0,-1.0,-1.0,-1.0,1.0
38.59207720030099,0.0,0.0,0.03,1.0,1.0,1.0,0.0,0.3333333333333333,0.15,-1.0,-1.0,-1.0,1.0,1.0,-1.0,0.0,-0.3333333333333333,0.15,-1.0,-1.0,-1.0,-1.0,-1.0,1.0
38.6072752000764,0.0,0.0,0.03,1.0,1.0,1.0,0.0,0.3333333333333333,0.15,-1.0,-1.0,-1.0,1.0,1.0,-1.0,0.0,-0.3333333333333333,0.15,-1.0,-1.0,-1.0,-1.0,-1.0,1.0
38.62335909996182,0.0,0.0,0.03,1.0,1.0,1.0,0.0,0.3333333333333333,0.15,-1.0,-1.0,-1.0,1.0,1.0,-1.0,0.0,-0.3333333333333333,0.15,-1.0,-1.0,-1.0,-1.0,-1.0,1.0
38.640271900221705,0.0,0.0,0.03,1.0,1.0,1.0,0.0,0.3333333333333333,0.15,-1.0,-1.0,-1.0,1.0,1.0,-1.0,0.0,-0.3333333333333333,0.15,-1.0,-1.0,-1.0,-1.0,-1.0,1.0
38.65899090003222,0.0,0.0,0.03,1.0,1.0,1.0,0.0,0.3333333333333333,0.15,-1.0,-1.0,-1.0,1.0,1.0,-1.0,0.0,-0.3333333333333333,0.15,-1.0,-1.0,-1.0,-1.0,-1.0,1.0
38.672980800271034,0.0,0.0,0.03,1.0,1.0,1.0,0.0,0.3333333333333333,0.15,-1.0,-1.0,-1.0,1.0,1.0,-1.0,0.0,-0.3333333333333333,0.15,-1.0,-1.0,-1.0,-1.0,-1.0,1.0
38.69211270008236,0.0,0.0,0.03,1.0,1.0,1.0,0.0,0.3333333333333333,0.15,-1.0,-1.0,-1.0,1.0,1.0,-1.0,0.0,-0.3333333333333333,0.15,-1.0,-1.0,-1.0,-1.0,-1.0,1.0
38.70632020011544,0.0,0.0,0.03,1.0,1.0,1.0,0.0,0.3333333333333333,0.15,-1.0,-1.0,-1.0,1.0,1.0,-1.0,0.0,-0.3333333333333333,0.15,-1.0,-1.0,-1.0,-1.0,-1.0,1.0
38.72493140026927,0.0,0.0,0.03,1.0,1.0,1.0,0.0,0.3333333333333333,0.15,-1.0,-1.0,-1.0,1.0,1.0,-1.0,0.0,-0.3333333333333333,0.15,-1.0,-1.0,-1.0,-1.0,-1.0,1.0
38.74008239991963,0.0,0.0,0.03,1.0,1.0,1.0,0.0,0.3333333333333333,0.15,-1.0,-1.0,-1.0,1.0,1.0,-1.0,0.0,-0.3333333333333333,0.15,-1.0,-1.0,-1.0,-1.0,-1.0,1.0
38.75847030058503,0.0,0.0,0.03,1.0,1.0,1.0,0.0,0.3333333333333333,0.15,-1.0,-1.0,-1.0,1.0,1.0,-1.0,0.0,-0.3333333333333333,0.15,-1.0,-1.0,-1.0,-1.0,-1.0,1.0
38.77306000050157,0.0,0.0,0.03,1.0,1.0,1.0,0.0,0.3333333333333333,0.15,-1.0,-1.0,-1.0,1.0,1.0,-1.0,0.0,-0.3333333333333333,0.15,-1.0,-1.0,-1.0,-1.0,-1.0,1.0
38.79084230028093,0.0,0.0,0.03,1.0,1.0,1.0,0.0,0.3333333333333333,0.15,-1.0,-1.0,-1.0,1.0,1.0,-1.0,0.0,-0.3333333333333333,0.15,-1.0,-1.0,-1.0,-1.0,-1.0,1.0
38.806235500611365,0.0,0.0,0.03,1.0,1.0,1.0,0.0,0.3333333333333333,0.15,-1.0,-1.0,-1.0,1.0,1.0,-1.0,0.0,-0.3333333333333333,0.15,-1.0,-1.0,-1.0,-1.0,-1.0,1.0
38.82469900045544,0.0,0.0,0.03,1.0,1.0,1.0,0.0,0.3333333333333333,0.15,-1.0,-1.0,-1.0,1.0,1.0,-1.0,0.0,-0.3333333333333333,0.15,-1.0,-1.0,-1.0,-1.0,-1.0,1.0
38.840372500009835,0.0,0.0,0.03,1.0,1.0,1.0,0.0,0.3333333333333333,0.15,-1.0,-1.0,-1.0,1.0,1.0,-1.0,0.0,-0.3333333333333333,0.15,-1.0,-1.0,-1.0,-1.0,-1.0,1.0
38.85640360042453,0.0,0.0,0.03,1.0,1.0,1.0,0.0,0.3333333333333333,0.15,-1.0,-1.0,-1.0,1.0,1.0,-1.0,0.0,-0.3333333333333333,0.15,-1.0,-1.0,-1.0,-1.0,-1.0,1.0
38.87345920037478,0.0,0.0,0.03,1.0,1.0,1.0,0.0,0.3333333333333333,0.15,-1.0,-1.0,-1.0,1.0,1.0,-1.0,0.0,-0.3333333333333333,0.15,-1.0,-1.0,-1.0,-1.0,-1.0,1.0
38.89116059988737,0.0,0.0,0.03,1.0,1.0,1.0,0.0,0.3333333333333333,0.15,-1.0,-1.0,-1.0,1.0,1.0,-1.0,0.0,-0.3333333333333333,0.15,-1.0,-1.0,-1.0,-1.0,-1.0,1.0
38.90633590053767,0.0,0.0,0.03,1.0,1.0,1.0,0.0,0.3333333333333333,0.15,-1.0,-1.0,-1.0,1.0,1.0,-1.0,0.0,-0.3333333333333333,0.15,-1.0,-1.0,-1.0,-1.0,-1.0,1.0
38.92650850024074,0.0,0.0,0.03,1.0,1.0,1.0,0.0,0.3333333333333333,0.15,-1.0,-1.0,-1.0,1.0,1.0,-1.0,0.0,-0.3333333333333333,0.15,-1.0,-1.0,-1.0,-1.0,-1.0,1.0
38.94640769995749,0.0,0.0,0.03,1.0,1.0,1.0,0.0,0.3333333333333333,0.15,-1.0,-1.0,-1.0,1.0,1.0,-1.0,0.0,-0.3333333333333333,0.15,-1.0,-1.0,-1.0,-1.0,-1.0,1.0
38.95914050005376,0.0,0.0,0.03,1.0,1.0,1.0,0.0,0.3333333333333333,0.15,-1.0,-1.0,-1.0,1.0,1.0,-1.0,0.0,-0.3333333333333333,0.15,-1.0,-1.0,-1.0,-1.0,-1.0,1.0
38.97282090038061,0.0,0.0,0.03,1.0,1.0,1.0,0.0,0.3333333333333333,0.15,-1.0,-1.0,-1.0,1.0,1.0,-1.0,0.0,-0.3333333333333333,0.15,-1.0,-1.0,-1.0,-1.0,-1.0,1.0
38.98995040077716,0.0,0.0,0.03,1.0,1.0,1.0,0.0,0.3333333333333333,0.15,-1.0,-1.0,-1.0,1.0,1.0,-1.0,0.0,-0.3333333333333333,0.15,-1.0,-1.0,-1.0,-1.0,-1.0,1.0
39.00635570008308,0.0,0.0,0.03,1.0,1.0,1.0,0.0,0.3333333333333333,0.15,-1.0,-1.0,-1.0,1.0,1.0,-1.0,0.0,-0.3333333333333333,0.15,-1.0,-1.0,-1.0,-1.0,-1.0,1.0
39.02578380052,0.0,0.0,0.03,1.0,1.0,1.0,0.0,0.3333333333333333,0.15,-1.0,-1.0,-1.0,1.0,1.0,-1.0,0.0,-0.3333333333333333,0.15,-1.0,-1.0,-1.0,-1.0,-1.0,1.0
39.039903400465846,0.0,0.0,0.03,1.0,1.0,1.0,0.0,0.3333333333333333,0.15,-1.0,-1.0,-1.0,1.0,1.0,-1.0,0.0,-0.3333333333333333,0.15,-1.0,-1.0,-1.0,-1.0,-1.0,1.0
39.0565537000075,0.0,0.0,0.03,1.0,1.0,1.0,0.0,0.3333333333333333,0.15,-1.0,-1.0,-1.0,1.0,1.0,-1.0,0.0,-0.3333333333333333,0.15,-1.0,-1.0,-1.0,-1.0,-1.0,1.0
39.07470890041441,0.0,0.0,0.03,1.0,1.0,1.0,0.0,0.3333333333333333,0.15,-1.0,-1.0,-1.0,1.0,1.0,-1.0,0.0,-0.3333333333333333,0.15,-1.0,-1.0,-1.0,-1.0,-1.0,1.0
39.08990930020809,0.0,0.0,0.03,1.0,1.0,1.0,0.0,0.3333333333333333,0.15,-1.0,-1.0,-1.0,1.0,1.0,-1.0,0.0,-0.3333333333333333,0.15,-1.0,-1.0,-1.0,-1.0,-1.0,1.0
39.10796730034053,0.0,0.0,0.03,1.0,1.0,1.0,0.0,0.3333333333333333,0.15,-1.0,-1.0,-1.0,1.0,1.0,-1.0,0.0,-0.3333333333333333,0.15,-1.0,-1.0,-1.0,-1.0,-1.0,1.0
39.12408050056547,0.0,0.0,0.03,1.0,1.0,1.0,0.0,0.3333333333333333,0.15,-1.0,-1.0,-1.0,1.0,1.0,-1.0,0.0,-0.3333333333333333,0.15,-1.0,-1.0,-1.0,-1.0,-1.0,1.0
39.14111080020666,0.0,0.0,0.03,1.0,1.0,1.0,0.0,0.3333333333333333,0.15,-1.0,-1.0,-1.0,1.0,1.0,-1.0,0.0,-0.3333333333333333,0.15,-1.0,-1.0,-1.0,-1.0,-1.0,1.0
39.15692390035838,0.0,0.0,0.03,1.0,1.0,1.0,0.0,0.3333333333333333,0.15,-1.0,-1.0,-1.0,1.0,1.0,-1.0,0.0,-0.3333333333333333,0.15,-1.0,-1.0,-1.0,-1.0,-1.0,1.0
39.17461960017681,0.0,0.0,0.03,1.0,1.0,1.0,0.0,0.3333333333333333,0.15,-1.0,-1.0,-1.0,1.0,1.0,-1.0,0.0,-0.3333333333333333,0.15,-1.0,-1.0,-1.0,-1.0,-1.0,1.0
39.18911990057677,0.0,0.0,0.03,1.0,1.0,1.0,0.0,0.3333333333333333,0.15,-1.0,-1.0,-1.0,1.0,1.0,-1.0,0.0,-0.3333333333333333,0.15,-1.0,-1.0,-1.0,-1.0,-1.0,1.0
39.2079346999526,0.0,0.0,0.03,1.0,1.0,1.0,0.0,0.3333333333333333,0.15,-1.0,-1.0,-1.0,1.0,1.0,-1.0,0.0,-0.3333333333333333,0.15,-1.0,-1.0,-1.0,-1.0,-1.0,1.0
39.22285040002316,0.0,0.0,0.03,1.0,1.0,1.0,0.0,0.3333333333333333,0.15,-1.0,-1.0,-1.0,1.0,1.0,-1.0,0.0,-0.3333333333333333,0.15,-1.0,-1.0,-1.0,-1.0,-1.0,1.0
39.241704400628805,0.0,0.0,0.03,1.0,1.0,1.0,0.0,0.3333333333333333,0.15,-1.0,-1.0,-1.0,1.0,1.0,-1.0,0.0,-0.3333333333333333,0.15,-1.0,-1.0,-1.0,-1.0,-1.0,1.0
39.25610319990665,0.0,0.0,0.03,1.0,1.0,1.0,0.0,0.3333333333333333,0.15,-1.0,-1.0,-1.0,1.0,1.0,-1.0,0.0,-0.3333333333333333,0.15,-1.0,-1.0,-1.0,-1.0,-1.0,1.0
39.27497739996761,0.0,0.0,0.03,1.0,1.0,1.0,0.0,0.3333333333333333,0.15,-1.0,-1.0,-1.0,1.0,1.0,-1.0,0.0,-0.3333333333333333,0.15,-1.0,-1.0,-1.0,-1.0,-1.0,1.0
39.28942290041596,0.0,0.0,0.03,1.0,1.0,1.0,0.0,0.3333333333333333,0.15,-1.0,-1.0,-1.0,1.0,1.0,-1.0,0.0,-0.3333333333333333,0.15,-1.0,-1.0,-1.0,-1.0,-1.0,1.0
39.308467200025916,0.0,0.0,0.03,1.0,1.0,1.0,0.0,0.3333333333333333,0.15,-1.0,-1.0,-1.0,1.0,1.0,-1.0,0.0,-0.3333333333333333,0.15,-1.0,-1.0,-1.0,-1.0,-1.0,1.0
39.32244350016117,0.0,0.0,0.03,1.0,1.0,1.0,0.0,0.3333333333333333,0.15,-1.0,-1.0,-1.0,1.0,1.0,-1.0,0.0,-0.3333333333333333,0.15,-1.0,-1.0,-1.0,-1.0,-1.0,1.0
39.34136740025133,0.0,0.0,0.03,1.0,1.0,1.0,0.0,0.3333333333333333,0.15,-1.0,-1.0,-1.0,1.0,1.0,-1.0,0.0,-0.3333333333333333,0.15,-1.0,-1.0,-1.0,-1.0,-1.0,1.0
39.357304700650275,0.0,0.0,0.03,1.0,1.0,1.0,0.0,0.3333333333333333,0.15,-1.0,-1.0,-1.0,1.0,1.0,-1.0,0.0,-0.3333333333333333,0.15,-1.0,-1.0,-1.0,-1.0,-1.0,1.0
39.37557420041412,0.0,0.0,0.03,1.0,1.0,1.0,0.0,0.3333333333333333,0.15,-1.0,-1.0,-1.0,1.0,1.0,-1.0,0.0,-0.3333333333333333,0.15,-1.0,-1.0,-1.0,-1.0,-1.0,1.0
39.39252569992095,0.0,0.0,0.03,1.0,1.0,1.0,0.0,0.3333333333333333,0.15,-1.0,-1.0,-1.0,1.0,1.0,-1.0,0.0,-0.3333333333333333,0.15,-1.0,-1.0,-1.0,-1.0,-1.0,1.0
39.42241600062698,0.0,0.0,0.03,1.0,1.0,1.0,0.0,0.3333333333333333,0.15,-1.0,-1.0,-1.0,1.0,1.0,-1.0,0.0,-0.3333333333333333,0.15,-1.0,-1.0,-1.0,-1.0,-1.0,1.0
39.4436698006466,0.0,0.0,0.03,1.0,1.0,1.0,0.0,0.3333333333333333,0.15,-1.0,-1.0,-1.0,1.0,1.0,-1.0,0.0,-0.3333333333333333,0.15,-1.0,-1.0,-1.0,-1.0,-1.0,1.0
39.45830939989537,0.0,0.0,0.03,1.0,1.0,1.0,0.0,0.3333333333333333,0.15,-1.0,-1.0,-1.0,1.0,1.0,-1.0,0.0,-0.3333333333333333,0.15,-1.0,-1.0,-1.0,-1.0,-1.0,1.0
39.475580400787294,0.0,0.0,0.03,1.0,1.0,1.0,0.0,0.3333333333333333,0.15,-1.0,-1.0,-1.0,1.0,1.0,-1.0,0.0,-0.3333333333333333,0.15,-1.0,-1.0,-1.0,-1.0,-1.0,1.0
39.49158859997988,0.0,0.0,0.03,1.0,1.0,1.0,0.0,0.3333333333333333,0.15,-1.0,-1.0,-1.0,1.0,1.0,-1.0,0.0,-0.3333333333333333,0.15,-1.0,-1.0,-1.0,-1.0,-1.0,1.0
39.506947400048375,0.0,0.0,0.03,1.0,1.0,1.0,0.0,0.3333333333333333,0.15,-1.0,-1.0,-1.0,1.0,1.0,-1.0,0.0,-0.3333333333333333,0.15,-1.0,-1.0,-1.0,-1.0,-1.0,1.0
39.524720000103116,0.0,0.0,0.03,1.0,1.0,1.0,0.0,0.3333333333333333,0.15,-1.0,-1.0,-1.0,1.0,1.0,-1.0,0.0,-0.3333333333333333,0.15,-1.0,-1.0,-1.0,-1.0,-1.0,1.0
39.55340659990907,0.0,0.0,0.03,1.0,1.0,1.0,0.0,0.3333333333333333,0.15,-1.0,-1.0,-1.0,1.0,1.0,-1.0,0.0,-0.3333333333333333,0.15,-1.0,-1.0,-1.0,-1.0,-1.0,1.0
39.57109250035137,0.0,0.0,0.03,1.0,1.0,1.0,0.0,0.3333333333333333,0.15,-1.0,-1.0,-1.0,1.0,1.0,-1.0,0.0,-0.3333333333333333,0.15,-1.0,-1.0,-1.0,-1.0,-1.0,1.0
39.58946400042623,0.0,0.0,0.03,1.0,1.0,1.0,0.0,0.3333333333333333,0.15,-1.0,-1.0,-1.0,1.0,1.0,-1.0,0.0,-0.3333333333333333,0.15,-1.0,-1.0,-1.0,-1.0,-1.0,1.0
39.6083516003564,0.0,0.0,0.03,1.0,1.0,1.0,0.0,0.3333333333333333,0.15,-1.0,-1.0,-1.0,1.0,1.0,-1.0,0.0,-0.3333333333333333,0.15,-1.0,-1.0,-1.0,-1.0,-1.0,1.0
39.622527500614524,0.0,0.0,0.03,1.0,1.0,1.0,0.0,0.3333333333333333,0.15,-1.0,-1.0,-1.0,1.0,1.0,-1.0,0.0,-0.3333333333333333,0.15,-1.0,-1.0,-1.0,-1.0,-1.0,1.0
39.64152040053159,0.0,0.0,0.03,1.0,1.0,1.0,0.0,0.3333333333333333,0.15,-1.0,-1.0,-1.0,1.0,1.0,-1.0,0.0,-0.3333333333333333,0.15,-1.0,-1.0,-1.0,-1.0,-1.0,1.0
39.65574150066823,0.0,0.0,0.03,1.0,1.0,1.0,0.0,0.3333333333333333,0.15,-1.0,-1.0,-1.0,1.0,1.0,-1.0,0.0,-0.3333333333333333,0.15,-1.0,-1.0,-1.0,-1.0,-1.0,1.0
39.67438720073551,0.0,0.0,0.03,1.0,1.0,1.0,0.0,0.3333333333333333,0.15,-1.0,-1.0,-1.0,1.0,1.0,-1.0,0.0,-0.3333333333333333,0.15,-1.0,-1.0,-1.0,-1.0,-1.0,1.0
39.68895330000669,0.0,0.0,0.03,1.0,1.0,1.0,0.0,0.3333333333333333,0.15,-1.0,-1.0,-1.0,1.0,1.0,-1.0,0.0,-0.3333333333333333,0.15,-1.0,-1.0,-1.0,-1.0,-1.0,1.0
39.70753550063819,0.0,0.0,0.03,1.0,1.0,1.0,0.0,0.3333333333333333,0.15,-1.0,-1.0,-1.0,1.0,1.0,-1.0,0.0,-0.3333333333333333,0.15,-1.0,-1.0,-1.0,-1.0,-1.0,1.0
39.722297499887645,0.0,0.0,0.03,1.0,1.0,1.0,0.0,0.3333333333333333,0.15,-1.0,-1.0,-1.0,1.0,1.0,-1.0,0.0,-0.3333333333333333,0.15,-1.0,-1.0,-1.0,-1.0,-1.0,1.0
39.741295100189745,0.0,0.0,0.03,1.0,1.0,1.0,0.0,0.3333333333333333,0.15,-1.0,-1.0,-1.0,1.0,1.0,-1.0,0.0,-0.3333333333333333,0.15,-1.0,-1.0,-1.0,-1.0,-1.0,1.0
39.756889200769365,0.0,0.0,0.03,1.0,1.0,1.0,0.0,0.3333333333333333,0.15,-1.0,-1.0,-1.0,1.0,1.0,-1.0,0.0,-0.3333333333333333,0.15,-1.0,-1.0,-1.0,-1.0,-1.0,1.0
39.772602800279856,0.0,0.0,0.03,1.0,1.0,1.0,0.0,0.3333333333333333,0.15,-1.0,-1.0,-1.0,1.0,1.0,-1.0,0.0,-0.3333333333333333,0.15,-1.0,-1.0,-1.0,-1.0,-1.0,1.0
39.789543400518596,0.0,0.0,0.03,1.0,1.0,1.0,0.0,0.3333333333333333,0.15,-1.0,-1.0,-1.0,1.0,1.0,-1.0,0.0,-0.3333333333333333,0.15,-1.0,-1.0,-1.0,-1.0,-1.0,1.0
39.80739830061793,0.0,0.0,0.03,1.0,1.0,1.0,0.0,0.3333333333333333,0.15,-1.0,-1.0,-1.0,1.0,1.0,-1.0,0.0,-0.3333333333333333,0.15,-1.0,-1.0,-1.0,-1.0,-1.0,1.0
39.82234390079975,0.0,0.0,0.03,1.0,1.0,1.0,0.0,0.3333333333333333,0.15,-1.0,-1.0,-1.0,1.0,1.0,-1.0,0.0,-0.3333333333333333,0.15,-1.0,-1.0,-1.0,-1.0,-1.0,1.0
39.84204740077257,0.0,0.0,0.03,1.0,1.0,1.0,0.0,0.3333333333333333,0.15,-1.0,-1.0,-1.0,1.0,1.0,-1.0,0.0,-0.3333333333333333,0.15,-1.0,-1.0,-1.0,-1.0,-1.0,1.0
39.86822370067239,0.0,0.0,0.03,1.0,1.0,1.0,0.0,0.3333333333333333,0.15,-1.0,-1.0,-1.0,1.0,1.0,-1.0,0.0,-0.3333333333333333,0.15,-1.0,-1.0,-1.0,-1.0,-1.0,1.0
39.89086980000138,0.0,0.0,0.03,1.0,1.0,1.0,0.0,0.3333333333333333,0.15,-1.0,-1.0,-1.0,1.0,1.0,-1.0,0.0,-0.3333333333333333,0.15,-1.0,-1.0,-1.0,-1.0,-1.0,1.0
39.920312200672925,0.0,0.0,0.03,1.0,1.0,1.0,0.0,0.3333333333333333,0.15,-1.0,-1.0,-1.0,1.0,1.0,-1.0,0.0,-0.3333333333333333,0.15,-1.0,-1.0,-1.0,-1.0,-1.0,1.0
39.94863000046462,0.0,0.0,0.03,1.0,1.0,1.0,0.0,0.3333333333333333,0.15,-1.0,-1.0,-1.0,1.0,1.0,-1.0,0.0,-0.3333333333333333,0.15,-1.0,-1.0,-1.0,-1.0,-1.0,1.0
39.97709790058434,0.0,0.0,0.03,1.0,1.0,1.0,0.0,0.3333333333333333,0.15,-1.0,-1.0,-1.0,1.0,1.0,-1.0,0.0,-0.3333333333333333,0.15,-1.0,-1.0,-1.0,-1.0,-1.0,1.0
40.00615920033306,0.0,0.0,0.03,1.0,1.0,1.0,0.0,0.3333333333333333,0.15,-1.0,-1.0,-1.0,1.0,1.0,-1.0,0.0,-0.3333333333333333,0.15,-1.0,-1.0,-1.0,-1.0,-1.0,1.0
40.03577460069209,0.0,0.0,0.03,1.0,1.0,1.0,0.0,0.3333333333333333,0.15,-1.0,-1.0,-1.0,1.0,1.0,-1.0,0.0,-0.3333333333333333,0.15,-1.0,-1.0,-1.0,-1.0,-1.0,1.0
40.063079200685024,0.0,0.0,0.03,1.0,1.0,1.0,0.0,0.3333333333333333,0.15,-1.0,-1.0,-1.0,1.0,1.0,-1.0,0.0,-0.3333333333333333,0.15,-1.0,-1.0,-1.0,-1.0,-1.0,1.0
40.09099890012294,0.0,0.0,0.03,1.0,1.0,1.0,0.0,0.3333333333333333,0.15,-1.0,-1.0,-1.0,1.0,1.0,-1.0,0.0,-0.3333333333333333,0.15,-1.0,-1.0,-1.0,-1.0,-1.0,1.0
40.120946099981666,0.0,0.0,0.03,1.0,1.0,1.0,0.0,0.3333333333333333,0.15,-1.0,-1.0,-1.0,1.0,1.0,-1.0,0.0,-0.3333333333333333,0.15,-1.0,-1.0,-1.0,-1.0,-1.0,1.0
40.140478200279176,0.0,0.0,0.03,1.0,1.0,1.0,0.0,0.3333333333333333,0.15,-1.0,-1.0,-1.0,1.0,1.0,-1.0,0.0,-0.3333333333333333,0.15,-1.0,-1.0,-1.0,-1.0,-1.0,1.0
40.15605500061065,0.0,0.0,0.03,1.0,1.0,1.0,0.0,0.3333333333333333,0.15,-1.0,-1.0,-1.0,1.0,1.0,-1.0,0.0,-0.3333333333333333,0.15,-1.0,-1.0,-1.0,-1.0,-1.0,1.0
40.17268790025264,0.0,0.0,0.03,1.0,1.0,1.0,0.0,0.3333333333333333,0.15,-1.0,-1.0,-1.0,1.0,1.0,-1.0,0.0,-0.3333333333333333,0.15,-1.0,-1.0,-1.0,-1.0,-1.0,1.0
40.19080020021647,0.0,0.0,0.03,1.0,1.0,1.0,0.0,0.3333333333333333,0.15,-1.0,-1.0,-1.0,1.0,1.0,-1.0,0.0,-0.3333333333333333,0.15,-1.0,-1.0,-1.0,-1.0,-1.0,1.0
40.205769000574946,0.0,0.0,0.03,1.0,1.0,1.0,0.0,0.3333333333333333,0.15,-1.0,-1.0,-1.0,1.0,1.0,-1.0,0.0,-0.3333333333333333,0.15,-1.0,-1.0,-1.0,-1.0,-1.0,1.0
40.22404960077256,0.0,0.0,0.03,1.0,1.0,1.0,0.0,0.3333333333333333,0.15,-1.0,-1.0,-1.0,1.0,1.0,-1.0,0.0,-0.3333333333333333,0.15,-1.0,-1.0,-1.0,-1.0,-1.0,1.0
40.2397421002388,0.0,0.0,0.03,1.0,1.0,1.0,0.0,0.3333333333333333,0.15,-1.0,-1.0,-1.0,1.0,1.0,-1.0,0.0,-0.3333333333333333,0.15,-1.0,-1.0,-1.0,-1.0,-1.0,1.0
40.255585600622,0.0,0.0,0.03,1.0,1.0,1.0,0.0,0.3333333333333333,0.15,-1.0,-1.0,-1.0,1.0,1.0,-1.0,0.0,-0.3333333333333333,0.15,-1.0,-1.0,-1.0,-1.0,-1.0,1.0
40.27482780069113,0.0,0.0,0.03,1.0,1.0,1.0,0.0,0.3333333333333333,0.15,-1.0,-1.0,-1.0,1.0,1.0,-1.0,0.0,-0.3333333333333333,0.15,-1.0,-1.0,-1.0,-1.0,-1.0,1.0
40.28885740041733,0.0,0.0,0.03,1.0,1.0,1.0,0.0,0.3333333333333333,0.15,-1.0,-1.0,-1.0,1.0,1.0,-1.0,0.0,-0.3333333333333333,0.15,-1.0,-1.0,-1.0,-1.0,-1.0,1.0
40.30756950005889,0.0,0.0,0.03,1.0,1.0,1.0,0.0,0.3333333333333333,0.15,-1.0,-1.0,-1.0,1.0,1.0,-1.0,0.0,-0.3333333333333333,0.15,-1.0,-1.0,-1.0,-1.0,-1.0,1.0
40.32232200074941,0.0,0.0,0.03,1.0,1.0,1.0,0.0,0.3333333333333333,0.15,-1.0,-1.0,-1.0,1.0,1.0,-1.0,0.0,-0.3333333333333333,0.15,-1.0,-1.0,-1.0,-1.0,-1.0,1.0
40.34078820049763,0.0,0.0,0.03,1.0,1.0,1.0,0.0,0.3333333333333333,0.15,-1.0,-1.0,-1.0,1.0,1.0,-1.0,0.0,-0.3333333333333333,0.15,-1.0,-1.0,-1.0,-1.0,-1.0,1.0
40.35524690058082,0.0,0.0,0.03,1.0,1.0,1.0,0.0,0.3333333333333333,0.15,-1.0,-1.0,-1.0,1.0,1.0,-1.0,0.0,-0.3333333333333333,0.15,-1.0,-1.0,-1.0,-1.0,-1.0,1.0
40.37411680072546,0.0,0.0,0.03,1.0,1.0,1.0,0.0,0.3333333333333333,0.15,-1.0,-1.0,-1.0,1.0,1.0,-1.0,0.0,-0.3333333333333333,0.15,-1.0,-1.0,-1.0,-1.0,-1.0,1.0
40.38896610029042,0.0,0.0,0.03,1.0,1.0,1.0,0.0,0.3333333333333333,0.15,-1.0,-1.0,-1.0,1.0,1.0,-1.0,0.0,-0.3333333333333333,0.15,-1.0,-1.0,-1.0,-1.0,-1.0,1.0
40.405723500065506,0.0,0.0,0.03,1.0,1.0,1.0,0.0,0.3333333333333333,0.15,-1.0,-1.0,-1.0,1.0,1.0,-1.0,0.0,-0.3333333333333333,0.15,-1.0,-1.0,-1.0,-1.0,-1.0,1.0
40.42287050001323,0.0,0.0,0.03,1.0,1.0,1.0,0.0,0.3333333333333333,0.15,-1.0,-1.0,-1.0,1.0,1.0,-1.0,0.0,-0.3333333333333333,0.15,-1.0,-1.0,-1.0,-1.0,-1.0,1.0
40.440502100624144,0.0,0.0,0.03,1.0,1.0,1.0,0.0,0.3333333333333333,0.15,-1.0,-1.0,-1.0,1.0,1.0,-1.0,0.0,-0.3333333333333333,0.15,-1.0,-1.0,-1.0,-1.0,-1.0,1.0
40.45926300063729,0.0,0.0,0.03,1.0,1.0,1.0,0.0,0.3333333333333333,0.15,-1.0,-1.0,-1.0,1.0,1.0,-1.0,0.0,-0.3333333333333333,0.15,-1.0,-1.0,-1.0,-1.0,-1.0,1.0
40.479955499991775,0.0,0.0,0.03,1.0,1.0,1.0,0.0,0.3333333333333333,0.15,-1.0,-1.0,-1.0,1.0,1.0,-1.0,0.0,-0.3333333333333333,0.15,-1.0,-1.0,-1.0,-1.0,-1.0,1.0
40.509048600681126,0.0,0.0,0.03,1.0,1.0,1.0,0.0,0.3333333333333333,0.15,-1.0,-1.0,-1.0,1.0,1.0,-1.0,0.0,-0.3333333333333333,0.15,-1.0,-1.0,-1.0,-1.0,-1.0,1.0
40.53917380049825,0.0,0.0,0.03,1.0,1.0,1.0,0.0,0.3333333333333333,0.15,-1.0,-1.0,-1.0,1.0,1.0,-1.0,0.0,-0.3333333333333333,0.15,-1.0,-1.0,-1.0,-1.0,-1.0,1.0
40.558917100541294,0.0,0.0,0.03,1.0,1.0,1.0,0.0,0.3333333333333333,0.15,-1.0,-1.0,-1.0,1.0,1.0,-1.0,0.0,-0.3333333333333333,0.15,-1.0,-1.0,-1.0,-1.0,-1.0,1.0
40.578604800626636,0.0,0.0,0.03,1.0,1.0,1.0,0.0,0.3333333333333333,0.15,-1.0,-1.0,-1.0,1.0,1.0,-1.0,0.0,-0.3333333333333333,0.15,-1.0,-1.0,-1.0,-1.0,-1.0,1.0
40.596854800358415,0.0,0.0,0.03,1.0,1.0,1.0,0.0,0.3333333333333333,0.15,-1.0,-1.0,-1.0,1.0,1.0,-1.0,0.0,-0.3333333333333333,0.15,-1.0,-1.0,-1.0,-1.0,-1.0,1.0
40.61562260054052,0.0,0.0,0.03,1.0,1.0,1.0,0.0,0.3333333333333333,0.15,-1.0,-1.0,-1.0,1.0,1.0,-1.0,0.0,-0.3333333333333333,0.15,-1.0,-1.0,-1.0,-1.0,-1.0,1.0
40.6275097001344,0.0,0.0,0.03,1.0,1.0,1.0,0.0,0.3333333333333333,0.15,-1.0,-1.0,-1.0,1.0,1.0,-1.0,0.0,-0.3333333333333333,0.15,-1.0,-1.0,-1.0,-1.0,-1.0,1.0
40.64387190062553,0.0,0.0,0.03,1.0,1.0,1.0,0.0,0.3333333333333333,0.15,-1.0,-1.0,-1.0,1.0,1.0,-1.0,0.0,-0.3333333333333333,0.15,-1.0,-1.0,-1.0,-1.0,-1.0,1.0
40.66305270045996,0.0,0.0,0.03,1.0,1.0,1.0,0.0,0.3333333333333333,0.15,-1.0,-1.0,-1.0,1.0,1.0,-1.0,0.0,-0.3333333333333333,0.15,-1.0,-1.0,-1.0,-1.0,-1.0,1.0
40.67426760029048,0.0,0.0,0.03,1.0,1.0,1.0,0.0,0.3333333333333333,0.15,-1.0,-1.0,-1.0,1.0,1.0,-1.0,0.0,-0.3333333333333333,0.15,-1.0,-1.0,-1.0,-1.0,-1.0,1.0
40.69138880074024,0.0,0.0,0.03,1.0,1.0,1.0,0.0,0.3333333333333333,0.15,-1.0,-1.0,-1.0,1.0,1.0,-1.0,0.0,-0.3333333333333333,0.15,-1.0,-1.0,-1.0,-1.0,-1.0,1.0
40.71125440020114,0.0,0.0,0.03,1.0,1.0,1.0,0.0,0.3333333333333333,0.15,-1.0,-1.0,-1.0,1.0,1.0,-1.0,0.0,-0.3333333333333333,0.15,-1.0,-1.0,-1.0,-1.0,-1.0,1.0
40.723073800094426,0.0,0.0,0.03,1.0,1.0,1.0,0.0,0.3333333333333333,0.15,-1.0,-1.0,-1.0,1.0,1.0,-1.0,0.0,-0.3333333333333333,0.15,-1.0,-1.0,-1.0,-1.0,-1.0,1.0
40.738920900039375,0.0,0.0,0.03,1.0,1.0,1.0,0.0,0.3333333333333333,0.15,-1.0,-1.0,-1.0,1.0,1.0,-1.0,0.0,-0.3333333333333333,0.15,-1.0,-1.0,-1.0,-1.0,-1.0,1.0
40.75580250006169,0.0,0.0,0.03,1.0,1.0,1.0,0.0,0.3333333333333333,0.15,-1.0,-1.0,-1.0,1.0,1.0,-1.0,0.0,-0.3333333333333333,0.15,-1.0,-1.0,-1.0,-1.0,-1.0,1.0
40.773873900063336,0.0,0.0,0.03,1.0,1.0,1.0,0.0,0.3333333333333333,0.15,-1.0,-1.0,-1.0,1.0,1.0,-1.0,0.0,-0.3333333333333333,0.15,-1.0,-1.0,-1.0,-1.0,-1.0,1.0
40.79039609991014,0.0,0.0,0.03,1.0,1.0,1.0,0.0,0.3333333333333333,0.15,-1.0,-1.0,-1.0,1.0,1.0,-1.0,0.0,-0.3333333333333333,0.15,-1.0,-1.0,-1.0,-1.0,-1.0,1.0
40.80522770062089,0.0,0.0,0.03,1.0,1.0,1.0,0.0,0.3333333333333333,0.15,-1.0,-1.0,-1.0,1.0,1.0,-1.0,0.0,-0.3333333333333333,0.15,-1.0,-1.0,-1.0,-1.0,-1.0,1.0
40.83552130032331,0.0,0.0,0.03,1.0,1.0,1.0,0.0,0.3333333333333333,0.15,-1.0,-1.0,-1.0,1.0,1.0,-1.0,0.0,-0.3333333333333333,0.15,-1.0,-1.0,-1.0,-1.0,-1.0,1.0
40.8645862005651,0.0,0.0,0.03,1.0,1.0,1.0,0.0,0.3333333333333333,0.15,-1.0,-1.0,-1.0,1.0,1.0,-1.0,0.0,-0.3333333333333333,0.15,-1.0,-1.0,-1.0,-1.0,-1.0,1.0
40.89461770001799,0.0,0.0,0.03,1.0,1.0,1.0,0.0,0.3333333333333333,0.15,-1.0,-1.0,-1.0,1.0,1.0,-1.0,0.0,-0.3333333333333333,0.15,-1.0,-1.0,-1.0,-1.0,-1.0,1.0
40.913587800227106,0.0,0.0,0.03,1.0,1.0,1.0,0.0,0.3333333333333333,0.15,-1.0,-1.0,-1.0,1.0,1.0,-1.0,0.0,-0.3333333333333333,0.15,-1.0,-1.0,-1.0,-1.0,-1.0,1.0
40.92787730041891,0.0,0.0,0.03,1.0,1.0,1.0,0.0,0.3333333333333333,0.15,-1.0,-1.0,-1.0,1.0,1.0,-1.0,0.0,-0.3333333333333333,0.15,-1.0,-1.0,-1.0,-1.0,-1.0,1.0
40.95419580023736,0.0,0.0,0.03,1.0,1.0,1.0,0.0,0.3333333333333333,0.15,-1.0,-1.0,-1.0,1.0,1.0,-1.0,0.0,-0.3333333333333333,0.15,-1.0,-1.0,-1.0,-1.0,-1.0,1.0
40.974316800013185,0.0,0.0,0.03,1.0,1.0,1.0,0.0,0.3333333333333333,0.15,-1.0,-1.0,-1.0,1.0,1.0,-1.0,0.0,-0.3333333333333333,0.15,-1.0,-1.0,-1.0,-1.0,-1.0,1.0
40.993036000058055,0.0,0.0,0.03,1.0,1.0,1.0,0.0,0.3333333333333333,0.15,-1.0,-1.0,-1.0,1.0,1.0,-1.0,0.0,-0.3333333333333333,0.15,-1.0,-1.0,-1.0,-1.0,-1.0,1.0
41.00686320010573,0.0,0.0,0.03,1.0,1.0,1.0,0.0,0.3333333333333333,0.15,-1.0,-1.0,-1.0,1.0,1.0,-1.0,0.0,-0.3333333333333333,0.15,-1.0,-1.0,-1.0,-1.0,-1.0,1.0
41.021743000485,0.0,0.0,0.03,1.0,1.0,1.0,0.0,0.3333333333333333,0.15,-1.0,-1.0,-1.0,1.0,1.0,-1.0,0.0,-0.3333333333333333,0.15,-1.0,-1.0,-1.0,-1.0,-1.0,1.0
41.051475800573826,0.0,0.0,0.03,1.0,1.0,1.0,0.0,0.3333333333333333,0.15,-1.0,-1.0,-1.0,1.0,1.0,-1.0,0.0,-0.3333333333333333,0.15,-1.0,-1.0,-1.0,-1.0,-1.0,1.0
41.07974650058895,0.0,0.0,0.03,1.0,1.0,1.0,0.0,0.3333333333333333,0.15,-1.0,-1.0,-1.0,1.0,1.0,-1.0,0.0,-0.3333333333333333,0.15,-1.0,-1.0,-1.0,-1.0,-1.0,1.0
41.095694600604475,0.0,0.0,0.03,1.0,1.0,1.0,0.0,0.3333333333333333,0.15,-1.0,-1.0,-1.0,1.0,1.0,-1.0,0.0,-0.3333333333333333,0.15,-1.0,-1.0,-1.0,-1.0,-1.0,1.0
41.11234590038657,0.0,0.0,0.03,1.0,1.0,1.0,0.0,0.3333333333333333,0.15,-1.0,-1.0,-1.0,1.0,1.0,-1.0,0.0,-0.3333333333333333,0.15,-1.0,-1.0,-1.0,-1.0,-1.0,1.0
41.132426800206304,0.0,0.0,0.03,1.0,1.0,1.0,0.0,0.3333333333333333,0.15,-1.0,-1.0,-1.0,1.0,1.0,-1.0,0.0,-0.3333333333333333,0.15,-1.0,-1.0,-1.0,-1.0,-1.0,1.0
41.145327700302005,0.0,0.0,0.03,1.0,1.0,1.0,0.0,0.3333333333333333,0.15,-1.0,-1.0,-1.0,1.0,1.0,-1.0,0.0,-0.3333333333333333,0.15,-1.0,-1.0,-1.0,-1.0,-1.0,1.0
41.16306680068374,0.0,0.0,0.03,1.0,1.0,1.0,0.0,0.3333333333333333,0.15,-1.0,-1.0,-1.0,1.0,1.0,-1.0,0.0,-0.3333333333333333,0.15,-1.0,-1.0,-1.0,-1.0,-1.0,1.0
41.178096500225365,0.0,0.0,0.03,1.0,1.0,1.0,0.0,0.3333333333333333,0.15,-1.0,-1.0,-1.0,1.0,1.0,-1.0,0.0,-0.3333333333333333,0.15,-1.0,-1.0,-1.0,-1.0,-1.0,1.0
41.1949748005718,0.0,0.0,0.03,1.0,1.0,1.0,0.0,0.3333333333333333,0.15,-1.0,-1.0,-1.0,1.0,1.0,-1.0,0.0,-0.3333333333333333,0.15,-1.0,-1.0,-1.0,-1.0,-1.0,1.0
41.21282880008221,0.0,0.0,0.03,1.0,1.0,1.0,0.0,0.3333333333333333,0.15,-1.0,-1.0,-1.0,1.0,1.0,-1.0,0.0,-0.3333333333333333,0.15,-1.0,-1.0,-1.0,-1.0,-1.0,1.0
41.227782499976456,0.0,0.0,0.03,1.0,1.0,1.0,0.0,0.3333333333333333,0.15,-1.0,-1.0,-1.0,1.0,1.0,-1.0,0.0,-0.3333333333333333,0.15,-1.0,-1.0,-1.0,-1.0,-1.0,1.0
41.24571460019797,0.0,0.0,0.03,1.0,1.0,1.0,0.0,0.3333333333333333,0.15,-1.0,-1.0,-1.0,1.0,1.0,-1.0,0.0,-0.3333333333333333,0.15,-1.0,-1.0,-1.0,-1.0,-1.0,1.0
41.26173590030521,0.0,0.0,0.03,1.0,1.0,1.0,0.0,0.3333333333333333,0.15,-1.0,-1.0,-1.0,1.0,1.0,-1.0,0.0,-0.3333333333333333,0.15,-1.0,-1.0,-1.0,-1.0,-1.0,1.0
41.278542700223625,0.0,0.0,0.03,1.0,1.0,1.0,0.0,0.3333333333333333,0.15,-1.0,-1.0,-1.0,1.0,1.0,-1.0,0.0,-0.3333333333333333,0.15,-1.0,-1.0,-1.0,-1.0,-1.0,1.0
41.29631610028446,0.0,0.0,0.03,1.0,1.0,1.0,0.0,0.3333333333333333,0.15,-1.0,-1.0,-1.0,1.0,1.0,-1.0,0.0,-0.3333333333333333,0.15,-1.0,-1.0,-1.0,-1.0,-1.0,1.0
41.310904200188816,0.0,0.0,0.03,1.0,1.0,1.0,0.0,0.3333333333333333,0.15,-1.0,-1.0,-1.0,1.0,1.0,-1.0,0.0,-0.3333333333333333,0.15,-1.0,-1.0,-1.0,-1.0,-1.0,1.0
41.32835550047457,0.0,0.0,0.03,1.0,1.0,1.0,0.0,0.3333333333333333,0.15,-1.0,-1.0,-1.0,1.0,1.0,-1.0,0.0,-0.3333333333333333,0.15,-1.0,-1.0,-1.0,-1.0,-1.0,1.0
41.34491389989853,0.0,0.0,0.03,1.0,1.0,1.0,0.0,0.3333333333333333,0.15,-1.0,-1.0,-1.0,1.0,1.0,-1.0,0.0,-0.3333333333333333,0.15,-1.0,-1.0,-1.0,-1.0,-1.0,1.0
41.374802600592375,0.0,0.0,0.03,1.0,1.0,1.0,0.0,0.3333333333333333,0.15,-1.0,-1.0,-1.0,1.0,1.0,-1.0,0.0,-0.3333333333333333,0.15,-1.0,-1.0,-1.0,-1.0,-1.0,1.0
41.39025270007551,0.0,0.0,0.03,1.0,1.0,1.0,0.0,0.3333333333333333,0.15,-1.0,-1.0,-1.0,1.0,1.0,-1.0,0.0,-0.3333333333333333,0.15,-1.0,-1.0,-1.0,-1.0,-1.0,1.0
41.405671699903905,0.0,0.0,0.03,1.0,1.0,1.0,0.0,0.3333333333333333,0.15,-1.0,-1.0,-1.0,1.0,1.0,-1.0,0.0,-0.3333333333333333,0.15,-1.0,-1.0,-1.0,-1.0,-1.0,1.0
41.42357250023633,0.0,0.0,0.03,1.0,1.0,1.0,0.0,0.3333333333333333,0.15,-1.0,-1.0,-1.0,1.0,1.0,-1.0,0.0,-0.3333333333333333,0.15,-1.0,-1.0,-1.0,-1.0,-1.0,1.0
41.438746199943125,0.0,0.0,0.03,1.0,1.0,1.0,0.0,0.3333333333333333,0.15,-1.0,-1.0,-1.0,1.0,1.0,-1.0,0.0,-0.3333333333333333,0.15,-1.0,-1.0,-1.0,-1.0,-1.0,1.0
41.457237700000405,0.0,0.0,0.03,1.0,1.0,1.0,0.0,0.3333333333333333,0.15,-1.0,-1.0,-1.0,1.0,1.0,-1.0,0.0,-0.3333333333333333,0.15,-1.0,-1.0,-1.0,-1.0,-1.0,1.0
41.471629300154746,0.0,0.0,0.03,1.0,1.0,1.0,0.0,0.3333333333333333,0.15,-1.0,-1.0,-1.0,1.0,1.0,-1.0,0.0,-0.3333333333333333,0.15,-1.0,-1.0,-1.0,-1.0,-1.0,1.0
41.49031089991331,0.0,0.0,0.03,1.0,1.0,1.0,0.0,0.3333333333333333,0.15,-1.0,-1.0,-1.0,1.0,1.0,-1.0,0.0,-0.3333333333333333,0.15,-1.0,-1.0,-1.0,-1.0,-1.0,1.0
41.504589000716805,0.0,0.0,0.03,1.0,1.0,1.0,0.0,0.3333333333333333,0.15,-1.0,-1.0,-1.0,1.0,1.0,-1.0,0.0,-0.3333333333333333,0.15,-1.0,-1.0,-1.0,-1.0,-1.0,1.0
41.52339870017022,0.0,0.0,0.03,1.0,1.0,1.0,0.0,0.3333333333333333,0.15,-1.0,-1.0,-1.0,1.0,1.0,-1.0,0.0,-0.3333333333333333,0.15,-1.0,-1.0,-1.0,-1.0,-1.0,1.0
41.5379806002602,0.0,0.0,0.03,1.0,1.0,1.0,0.0,0.3333333333333333,0.15,-1.0,-1.0,-1.0,1.0,1.0,-1.0,0.0,-0.3333333333333333,0.15,-1.0,-1.0,-1.0,-1.0,-1.0,1.0
41.555876900441945,0.0,0.0,0.03,1.0,1.0,1.0,0.0,0.3333333333333333,0.15,-1.0,-1.0,-1.0,1.0,1.0,-1.0,0.0,-0.3333333333333333,0.15,-1.0,-1.0,-1.0,-1.0,-1.0,1.0
41.57388640008867,0.0,0.0,0.03,1.0,1.0,1.0,0.0,0.3333333333333333,0.15,-1.0,-1.0,-1.0,1.0,1.0,-1.0,0.0,-0.3333333333333333,0.15,-1.0,-1.0,-1.0,-1.0,-1.0,1.0
41.588136000558734,0.0,0.0,0.03,1.0,1.0,1.0,0.0,0.3333333333333333,0.15,-1.0,-1.0,-1.0,1.0,1.0,-1.0,0.0,-0.3333333333333333,0.15,-1.0,-1.0,-1.0,-1.0,-1.0,1.0
41.60585740022361,0.0,0.0,0.03,1.0,1.0,1.0,0.0,0.3333333333333333,0.15,-1.0,-1.0,-1.0,1.0,1.0,-1.0,0.0,-0.3333333333333333,0.15,-1.0,-1.0,-1.0,-1.0,-1.0,1.0
41.62373459991068,0.0,0.0,0.03,1.0,1.0,1.0,0.0,0.3333333333333333,0.15,-1.0,-1.0,-1.0,1.0,1.0,-1.0,0.0,-0.3333333333333333,0.15,-1.0,-1.0,-1.0,-1.0,-1.0,1.0
41.63805010076612,0.0,0.0,0.03,1.0,1.0,1.0,0.0,0.3333333333333333,0.15,-1.0,-1.0,-1.0,1.0,1.0,-1.0,0.0,-0.3333333333333333,0.15,-1.0,-1.0,-1.0,-1.0,-1.0,1.0
41.65632660035044,0.0,0.0,0.03,1.0,1.0,1.0,0.0,0.3333333333333333,0.15,-1.0,-1.0,-1.0,1.0,1.0,-1.0,0.0,-0.3333333333333333,0.15,-1.0,-1.0,-1.0,-1.0,-1.0,1.0
41.67968109995127,0.0,0.0,0.03,1.0,1.0,1.0,0.0,0.3333333333333333,0.15,-1.0,-1.0,-1.0,1.0,1.0,-1.0,0.0,-0.3333333333333333,0.15,-1.0,-1.0,-1.0,-1.0,-1.0,1.0
41.699974900111556,0.0,0.0,0.03,1.0,1.0,1.0,0.0,0.3333333333333333,0.15,-1.0,-1.0,-1.0,1.0,1.0,-1.0,0.0,-0.3333333333333333,0.15,-1.0,-1.0,-1.0,-1.0,-1.0,1.0
41.72968790028244,0.0,0.0,0.03,1.0,1.0,1.0,0.0,0.3333333333333333,0.15,-1.0,-1.0,-1.0,1.0,1.0,-1.0,0.0,-0.3333333333333333,0.15,-1.0,-1.0,-1.0,-1.0,-1.0,1.0
41.76073900051415,0.0,0.0,0.03,1.0,1.0,1.0,0.0,0.3333333333333333,0.15,-1.0,-1.0,-1.0,1.0,1.0,-1.0,0.0,-0.3333333333333333,0.15,-1.0,-1.0,-1.0,-1.0,-1.0,1.0
41.77953340020031,0.0,0.0,0.03,1.0,1.0,1.0,0.0,0.3333333333333333,0.15,-1.0,-1.0,-1.0,1.0,1.0,-1.0,0.0,-0.3333333333333333,0.15,-1.0,-1.0,-1.0,-1.0,-1.0,1.0
41.80995780043304,0.0,0.0,0.03,1.0,1.0,1.0,0.0,0.3333333333333333,0.15,-1.0,-1.0,-1.0,1.0,1.0,-1.0,0.0,-0.3333333333333333,0.15,-1.0,-1.0,-1.0,-1.0,-1.0,1.0
41.839552100747824,0.0,0.0,0.03,1.0,1.0,1.0,0.0,0.3333333333333333,0.15,-1.0,-1.0,-1.0,1.0,1.0,-1.0,0.0,-0.3333333333333333,0.15,-1.0,-1.0,-1.0,-1.0,-1.0,1.0
41.86696430016309,0.0,0.0,0.03,1.0,1.0,1.0,0.0,0.3333333333333333,0.15,-1.0,-1.0,-1.0,1.0,1.0,-1.0,0.0,-0.3333333333333333,0.15,-1.0,-1.0,-1.0,-1.0,-1.0,1.0
41.888670600019395,0.0,0.0,0.03,1.0,1.0,1.0,0.0,0.3333333333333333,0.15,-1.0,-1.0,-1.0,1.0,1.0,-1.0,0.0,-0.3333333333333333,0.15,-1.0,-1.0,-1.0,-1.0,-1.0,1.0
41.90799059998244,0.0,0.0,0.03,1.0,1.0,1.0,0.0,0.3333333333333333,0.15,-1.0,-1.0,-1.0,1.0,1.0,-1.0,0.0,-0.3333333333333333,0.15,-1.0,-1.0,-1.0,-1.0,-1.0,1.0
41.93834030069411,0.0,0.0,0.03,1.0,1.0,1.0,0.0,0.3333333333333333,0.15,-1.0,-1.0,-1.0,1.0,1.0,-1.0,0.0,-0.3333333333333333,0.15,-1.0,-1.0,-1.0,-1.0,-1.0,1.0
41.969049599952996,0.0,0.0,0.03,1.0,1.0,1.0,0.0,0.3333333333333333,0.15,-1.0,-1.0,-1.0,1.0,1.0,-1.0,0.0,-0.3333333333333333,0.15,-1.0,-1.0,-1.0,-1.0,-1.0,1.0
41.996183200739324,0.0,0.0,0.03,1.0,1.0,1.0,0.0,0.3333333333333333,0.15,-1.0,-1.0,-1.0,1.0,1.0,-1.0,0.0,-0.3333333333333333,0.15,-1.0,-1.0,-1.0,-1.0,-1.0,1.0
